brand,model,year,age_years,mileage_km,fuel_type,transmission,region,accident_history,owners_count,engine_cc,price_krw,export_demand_index
Hyundai,Santa Fe,2018,8,98042,Дизель,Автомат,Пусан,0,3,2497,5700000,1.026
Chevrolet,Trailblazer,2024,2,34905,Бензин,Автомат,Ульсан,0,3,1600,20700000,1.129
Genesis,G80,2023,3,55384,Гибрид,Автомат,Кёнгидо (Ансан),0,2,2199,34900000,1.322
Hyundai,Santa Fe,2022,4,52698,Бензин,Автомат,Инчхон,0,1,1998,22300000,1.328
Chevrolet,Trailblazer,2017,9,141735,Бензин,Автомат,Пусан,0,1,2999,4200000,0.872
Hyundai,Tucson,2023,3,38211,Бензин,Автомат,Тэгу,0,2,2199,21200000,1.195
Kia,K5,2020,6,105975,Бензин,Автомат,Ульсан,0,1,2999,9400000,1.063
Ssangyong,Torres,2016,10,169005,Гибрид,Автомат,Инчхон,0,2,2999,4500000,0.836
Chevrolet,Trailblazer,2019,7,113348,Дизель,Автомат,Кёнгидо (Ансан),0,3,1600,4200000,0.872
Kia,Sportage,2016,10,106330,Гибрид,Автомат,Сеул,0,3,2999,4600000,0.882
Genesis,G80,2024,2,22943,Дизель,Автомат,Тэгу,0,1,2199,41400000,1.461
Hyundai,Sonata,2019,7,111866,Дизель,Автомат,Кёнгидо (Ансан),0,3,1600,5800000,0.821
Genesis,G80,2025,1,8874,Гибрид,Автомат,Кёнгидо (Ансан),0,2,1998,49000000,1.021
Hyundai,Tucson,2026,0,11655,Гибрид,Автомат,Сеул,0,3,1998,30100000,0.836
Hyundai,Avante,2026,0,628,Бензин,Автомат,Инчхон,0,1,1600,20100000,0.718
Hyundai,Avante,2023,3,35766,Бензин,Автомат,Сеул,0,1,2999,14300000,0.93
Kia,Carnival,2023,3,43427,Гибрид,Автомат,Пусан,0,1,2999,28500000,1.262
Renault Korea,QM6,2024,2,36938,Гибрид,Автомат,Ульсан,0,3,1600,17900000,1.021
Renault Korea,QM6,2024,2,46800,Бензин,Автомат,Кёнгидо (Ансан),1,2,1600,16000000,0.847
Hyundai,Sonata,2021,5,73898,Бензин,Автомат,Пусан,0,3,1600,9700000,1.063
Kia,Sorento,2024,2,31658,Дизель,Автомат,Кёнгидо (Ансан),1,1,1600,26200000,0.996
Kia,Sportage,2023,3,40825,Бензин,Автомат,Ульсан,0,3,1600,23700000,1.262
Hyundai,Santa Fe,2020,6,73492,Дизель,Автомат,Ульсан,0,1,1998,12600000,1.328
Chevrolet,Trailblazer,2018,8,103786,Дизель,Автомат,Пусан,0,2,1998,5500000,0.872
Renault Korea,QM6,2025,1,10012,Бензин,Автомат,Инчхон,0,1,2999,23000000,0.872
Renault Korea,QM6,2021,5,70361,Бензин,Автомат,Сеул,0,2,2497,11300000,1.129
Genesis,G80,2017,9,116783,Бензин,Автомат,Инчхон,0,1,2999,8200000,1.129
Kia,Sportage,2017,9,168211,Гибрид,Автомат,Сеул,1,3,2999,4600000,0.662
Kia,Carnival,2019,7,98450,Дизель,Автомат,Ульсан,0,3,2497,7600000,1.078
Kia,Sportage,2022,4,70845,Бензин,Автомат,Кёнгидо (Ансан),0,2,1998,18900000,1.262
Genesis,G80,2016,10,206678,Дизель,Автомат,Кёнгидо (Ансан),1,2,2199,8200000,0.847
Kia,K5,2026,0,500,Дизель,Автомат,Инчхон,0,2,1600,24100000,0.821
Hyundai,Sonata,2018,8,158819,Гибрид,Механика,Сеул,0,1,1600,4700000,0.581
Hyundai,Santa Fe,2026,0,1217,Гибрид,Автомат,Пусан,0,1,2199,35000000,0.929
Genesis,G80,2026,0,3386,Гибрид,Автомат,Тэгу,1,2,2999,49000000,0.766
Chevrolet,Trailblazer,2023,3,52449,Бензин,Автомат,Сеул,0,1,2199,19900000,1.129
Hyundai,Santa Fe,2022,4,79374,LPG,Автомат,Инчхон,0,3,1600,20300000,1.202
Hyundai,Santa Fe,2025,1,5186,Дизель,Автомат,Кёнгидо (Ансан),0,2,2999,28900000,1.026
Hyundai,Tucson,2017,9,124099,Бензин,Механика,Сеул,0,2,2497,4800000,0.723
Hyundai,Santa Fe,2022,4,65643,Гибрид,Автомат,Сеул,0,1,1600,18800000,1.202
Renault Korea,QM6,2024,2,13285,Гибрид,Автомат,Сеул,0,3,2999,21300000,1.021
Ssangyong,Torres,2020,6,72549,Дизель,Автомат,Пусан,0,1,2497,10700000,1.195
Hyundai,Tucson,2020,6,98020,Дизель,Автомат,Кёнгидо (Ансан),0,1,1998,10500000,1.195
Renault Korea,QM6,2017,9,150054,Бензин,Автомат,Пусан,0,1,2497,3900000,0.872
Genesis,G80,2022,4,91720,Бензин,Автомат,Сеул,0,1,2497,28500000,1.461
Kia,Carnival,2017,9,74559,Бензин,Автомат,Инчхон,0,1,1998,6300000,1.078
Kia,K5,2019,7,111368,Гибрид,Автомат,Инчхон,0,2,2199,5700000,0.743
Kia,Sportage,2025,1,14148,Гибрид,Автомат,Ульсан,1,2,2199,27000000,0.662
Chevrolet,Trailblazer,2026,0,1815,Бензин,Автомат,Сеул,0,3,2199,28400000,0.872
Chevrolet,Trailblazer,2024,2,9126,LPG,Механика,Пусан,0,2,1998,21000000,0.799
Renault Korea,QM6,2019,7,106355,Дизель,Автомат,Тэгу,1,1,2999,4200000,0.654
Renault Korea,QM6,2019,7,132710,Бензин,Автомат,Сеул,0,2,2199,5000000,0.872
Renault Korea,QM6,2026,0,2549,Дизель,Автомат,Тэгу,0,2,1998,25400000,0.872
Hyundai,Sonata,2022,4,58903,Бензин,Автомат,Тэгу,0,3,2999,17000000,1.063
Kia,Sportage,2021,5,67379,Гибрид,Автомат,Пусан,0,2,2199,13500000,1.142
Hyundai,Santa Fe,2022,4,73759,Бензин,Автомат,Инчхон,0,2,1998,21200000,1.328
Hyundai,Sonata,2019,7,103167,Дизель,Автомат,Ульсан,1,3,2199,4000000,0.616
Genesis,G80,2026,0,500,Дизель,Автомат,Сеул,1,1,2999,43700000,0.847
Hyundai,Avante,2026,0,500,LPG,Автомат,Инчхон,0,3,1600,18800000,0.65
Chevrolet,Trailblazer,2024,2,36369,Бензин,Автомат,Ульсан,0,3,2497,19900000,1.129
Genesis,G80,2018,8,138098,Бензин,Автомат,Инчхон,0,3,2999,8200000,1.129
Kia,K5,2019,7,129453,Гибрид,Автомат,Ульсан,1,3,1998,3900000,0.557
Kia,K5,2017,9,107256,Бензин,Автомат,Кёнгидо (Ансан),1,3,2497,3900000,0.616
Hyundai,Avante,2024,2,15452,Бензин,Автомат,Ульсан,0,2,1600,15900000,0.93
Kia,K5,2026,0,709,Бензин,Автомат,Ульсан,0,3,2199,23000000,0.821
Kia,K5,2020,6,96586,Дизель,Автомат,Инчхон,0,1,1998,9300000,1.063
Kia,Sportage,2017,9,147078,Гибрид,Автомат,Пусан,0,2,2999,4600000,0.882
Renault Korea,QM6,2024,2,30288,Бензин,Автомат,Тэгу,1,3,2199,15200000,0.847
Genesis,G80,2025,1,3371,Бензин,Автомат,Инчхон,0,2,1600,51000000,1.129
Hyundai,Tucson,2017,9,112648,Бензин,Автомат,Тэгу,0,1,1600,4800000,0.924
Hyundai,Avante,2021,5,54290,Гибрид,Автомат,Пусан,0,1,2199,10400000,0.841
Hyundai,Sonata,2018,8,133854,Дизель,Автомат,Инчхон,0,2,1600,4000000,0.821
Renault Korea,QM6,2024,2,28362,Дизель,Автомат,Сеул,0,2,2497,22200000,1.129
Ssangyong,Torres,2021,5,65851,Бензин,Автомат,Сеул,0,3,2497,11200000,1.195
Hyundai,Santa Fe,2023,3,52526,Бензин,Автомат,Пусан,0,1,2999,24400000,1.328
Hyundai,Tucson,2019,7,147234,Бензин,Автомат,Тэгу,0,1,1600,7900000,0.924
Chevrolet,Trailblazer,2021,5,55255,Бензин,Механика,Пусан,0,2,2199,10600000,0.884
Ssangyong,Torres,2024,2,20522,Бензин,Автомат,Инчхон,1,1,1600,22700000,0.897
Ssangyong,Torres,2024,2,20594,Бензин,Автомат,Пусан,0,3,1998,22800000,1.195
Chevrolet,Trailblazer,2016,10,133674,Бензин,Автомат,Сеул,1,2,1998,4200000,0.654
Hyundai,Avante,2025,1,14665,Дизель,Автомат,Пусан,0,3,2199,17600000,0.718
Kia,K5,2016,10,114647,Гибрид,Автомат,Пусан,0,1,1998,3900000,0.743
Renault Korea,QM6,2022,4,80671,Бензин,Автомат,Кёнгидо (Ансан),0,2,1998,13500000,1.129
Kia,Sportage,2026,0,1114,Бензин,Автомат,Инчхон,0,1,1998,28800000,0.975
Kia,Sorento,2018,8,119241,Бензин,Автомат,Кёнгидо (Ансан),0,2,2199,5600000,1.026
Hyundai,Avante,2024,2,10813,Бензин,Автомат,Пусан,0,1,2999,14500000,0.93
Kia,Sportage,2016,10,118355,Бензин,Автомат,Кёнгидо (Ансан),1,1,2497,4600000,0.731
Kia,Carnival,2022,4,69888,Дизель,Автомат,Сеул,0,3,2199,25600000,1.395
Kia,Carnival,2016,10,210907,Бензин,Автомат,Инчхон,0,3,2497,6300000,1.078
Kia,Sportage,2025,1,21426,Бензин,Автомат,Ульсан,0,1,2999,27300000,0.975
Hyundai,Avante,2021,5,74109,Бензин,Автомат,Кёнгидо (Ансан),1,1,1600,8200000,0.697
Kia,Sorento,2016,10,151124,Бензин,Автомат,Инчхон,0,3,2497,5600000,1.026
Kia,Carnival,2024,2,13947,Дизель,Автомат,Ульсан,1,1,2497,28200000,1.046
Kia,Sportage,2019,7,106591,Бензин,Автомат,Пусан,0,1,2497,6700000,0.975
Ssangyong,Torres,2026,0,500,Бензин,Автомат,Кёнгидо (Ансан),1,2,2497,26000000,0.693
Hyundai,Avante,2019,7,116173,Бензин,Автомат,Пусан,0,3,2999,4300000,0.718
Genesis,G80,2018,8,133293,Дизель,Автомат,Кёнгидо (Ансан),0,3,2497,8200000,1.129
Genesis,G80,2020,6,95648,Дизель,Автомат,Пусан,0,2,2199,19700000,1.461
Hyundai,Santa Fe,2019,7,122396,Бензин,Автомат,Сеул,1,3,2497,5700000,0.77
Hyundai,Sonata,2018,8,136232,Гибрид,Автомат,Сеул,0,2,2497,4000000,0.743
Hyundai,Avante,2020,6,113570,Бензин,Автомат,Пусан,0,1,2497,7600000,0.93
Ssangyong,Torres,2017,9,113116,Дизель,Автомат,Ульсан,0,3,1998,4500000,0.924
Renault Korea,QM6,2016,10,111931,Гибрид,Автомат,Пусан,0,2,2497,3900000,0.789
Kia,Carnival,2023,3,56260,Гибрид,Автомат,Кёнгидо (Ансан),0,1,1998,27900000,1.262
Genesis,G80,2018,8,92332,LPG,Автомат,Ульсан,0,1,2199,8200000,1.021
Kia,Carnival,2016,10,163225,Гибрид,Автомат,Сеул,0,3,2999,6300000,0.975
Hyundai,Sonata,2021,5,87645,LPG,Механика,Сеул,0,2,2497,13200000,0.752
Genesis,G80,2025,1,18873,Бензин,Автомат,Кёнгидо (Ансан),1,3,2999,46900000,0.847
Genesis,G80,2018,8,91384,Бензин,Автомат,Ульсан,0,1,1998,8200000,1.129
Kia,K5,2026,0,500,Дизель,Автомат,Кёнгидо (Ансан),0,1,1600,25700000,0.821
Kia,Sorento,2017,9,171646,Дизель,Автомат,Инчхон,0,3,2199,5600000,1.026
Chevrolet,Trailblazer,2020,6,93021,Бензин,Автомат,Инчхон,0,1,2999,9900000,1.129
Renault Korea,QM6,2019,7,120096,Гибрид,Механика,Ульсан,0,3,2497,3900000,0.618
Hyundai,Sonata,2026,0,9829,Дизель,Автомат,Пусан,0,3,2497,24800000,0.821
Hyundai,Avante,2018,8,78547,Бензин,Автомат,Сеул,0,2,2199,3000000,0.718
Kia,K5,2026,0,1461,Бензин,Автомат,Инчхон,0,3,2199,27700000,0.821
Kia,Sorento,2020,6,64189,Бензин,Автомат,Кёнгидо (Ансан),0,1,2199,11300000,1.328
Hyundai,Sonata,2023,3,46210,Бензин,Автомат,Кёнгидо (Ансан),0,3,2999,15400000,1.063
Hyundai,Tucson,2025,1,3469,Гибрид,Автомат,Сеул,0,3,1600,28700000,0.836
Renault Korea,QM6,2021,5,85657,Бензин,Механика,Ульсан,0,2,2199,11700000,0.884
Chevrolet,Trailblazer,2020,6,92760,Бензин,Автомат,Тэгу,0,3,2199,8700000,1.129
Kia,Sportage,2022,4,37621,Бензин,Автомат,Ульсан,0,2,2199,15900000,1.262
Renault Korea,QM6,2023,3,51611,Бензин,Автомат,Ульсан,0,2,2497,15900000,1.129
Kia,K5,2016,10,171881,Бензин,Механика,Ульсан,0,1,2999,3900000,0.643
Renault Korea,QM6,2019,7,111765,Дизель,Автомат,Инчхон,0,2,2199,5500000,0.872
Hyundai,Tucson,2016,10,175404,Бензин,Автомат,Кёнгидо (Ансан),0,1,2199,4800000,0.924
Ssangyong,Torres,2024,2,24421,Бензин,Автомат,Кёнгидо (Ансан),0,3,1998,24300000,1.195
Kia,K5,2016,10,134854,Гибрид,Автомат,Кёнгидо (Ансан),0,3,1998,3900000,0.743
Kia,K5,2021,5,89814,Дизель,Автомат,Тэгу,0,2,2199,11100000,1.063
Kia,Sorento,2020,6,51897,Гибрид,Автомат,Инчхон,1,2,2999,12800000,0.901
Ssangyong,Torres,2020,6,77349,Бензин,Автомат,Кёнгидо (Ансан),1,3,2497,6700000,0.897
Hyundai,Tucson,2022,4,61579,Бензин,Автомат,Сеул,1,3,1600,11700000,0.897
Genesis,G80,2022,4,59131,LPG,Автомат,Тэгу,0,1,1600,33400000,1.322
Renault Korea,QM6,2021,5,89056,Гибрид,Автомат,Тэгу,1,1,2199,9900000,0.766
Kia,Sorento,2019,7,43522,Бензин,Автомат,Инчхон,0,2,2497,6700000,1.026
Hyundai,Tucson,2017,9,122199,Бензин,Механика,Пусан,0,2,2199,4800000,0.723
Kia,K5,2026,0,500,Бензин,Автомат,Кёнгидо (Ансан),0,3,2497,28100000,0.821
Kia,Carnival,2019,7,136951,Бензин,Автомат,Ульсан,0,2,2999,8500000,1.078
Kia,Sorento,2024,2,39132,Дизель,Автомат,Тэгу,0,1,2999,27200000,1.328
Hyundai,Sonata,2020,6,93931,Бензин,Механика,Кёнгидо (Ансан),0,2,2199,6900000,0.832
Hyundai,Sonata,2024,2,30295,LPG,Автомат,Кёнгидо (Ансан),0,3,2497,19700000,0.961
Hyundai,Tucson,2017,9,141114,Дизель,Автомат,Кёнгидо (Ансан),0,3,2497,4800000,0.924
Kia,Carnival,2018,8,115820,Дизель,Автомат,Пусан,0,3,1998,6300000,1.078
Hyundai,Sonata,2018,8,164475,Бензин,Автомат,Инчхон,0,1,2199,4200000,0.821
Ssangyong,Torres,2025,1,12142,Бензин,Автомат,Инчхон,0,1,2497,25000000,0.924
Kia,K5,2024,2,25947,Бензин,Автомат,Тэгу,0,2,1998,20500000,1.063
Genesis,G80,2024,2,37731,Бензин,Автомат,Сеул,0,2,2999,40100000,1.461
Kia,Sportage,2022,4,48479,LPG,Автомат,Кёнгидо (Ансан),1,3,2999,15300000,0.856
Genesis,G80,2026,0,2469,Бензин,Автомат,Тэгу,1,2,2999,42400000,0.847
Hyundai,Santa Fe,2018,8,155349,Бензин,Автомат,Ульсан,0,3,2497,5700000,1.026
Kia,Carnival,2023,3,42291,Бензин,Механика,Тэгу,1,2,1600,26400000,0.819
Genesis,G80,2016,10,138798,Дизель,Автомат,Инчхон,0,3,1998,8200000,1.129
Renault Korea,QM6,2022,4,59421,Гибрид,Автомат,Тэгу,0,3,2497,14200000,1.021
Hyundai,Tucson,2024,2,31282,Бензин,Автомат,Инчхон,0,1,1998,24200000,1.195
Kia,Sorento,2021,5,53155,Дизель,Механика,Сеул,0,2,1998,16000000,1.04
Renault Korea,QM6,2016,10,182249,Бензин,Автомат,Сеул,0,1,2497,3900000,0.872
Kia,Carnival,2023,3,44931,Гибрид,Автомат,Ульсан,1,1,2497,25400000,0.946
Kia,Sportage,2022,4,74875,Гибрид,Автомат,Тэгу,0,2,1600,15600000,1.142
Kia,K5,2018,8,120723,Гибрид,Автомат,Ульсан,1,2,1600,3900000,0.557
Kia,K5,2022,4,42308,Дизель,Автомат,Сеул,0,3,2497,14500000,1.063
Hyundai,Avante,2019,7,93765,Гибрид,Механика,Сеул,1,3,1600,3500000,0.382
Renault Korea,QM6,2026,0,895,Гибрид,Автомат,Ульсан,1,2,1998,22600000,0.592
Hyundai,Sonata,2018,8,85192,Дизель,Автомат,Ульсан,0,1,2999,4000000,0.821
Genesis,G80,2022,4,54531,Бензин,Механика,Кёнгидо (Ансан),0,2,2497,28500000,1.143
Hyundai,Avante,2024,2,30598,Бензин,Автомат,Кёнгидо (Ансан),1,1,2199,13300000,0.697
Genesis,G80,2025,1,14678,Бензин,Автомат,Кёнгидо (Ансан),1,1,1998,42600000,0.847
Hyundai,Sonata,2017,9,117126,Бензин,Автомат,Сеул,0,1,1998,4000000,0.821
Hyundai,Tucson,2021,5,67354,Дизель,Автомат,Тэгу,0,2,2199,15400000,1.195
Hyundai,Sonata,2021,5,68877,Бензин,Автомат,Тэгу,1,1,2497,7700000,0.797
Hyundai,Avante,2017,9,125294,Дизель,Автомат,Тэгу,0,3,2199,3000000,0.718
Kia,Sorento,2020,6,71728,Дизель,Автомат,Пусан,0,3,2497,13000000,1.328
Kia,Sorento,2023,3,68480,Гибрид,Автомат,Кёнгидо (Ансан),0,1,2497,25100000,1.202
Kia,Carnival,2020,6,119559,Дизель,Автомат,Пусан,0,3,2199,13600000,1.395
Kia,Sorento,2022,4,40068,Бензин,Автомат,Инчхон,0,3,1600,18500000,1.328
Renault Korea,QM6,2025,1,16650,Дизель,Автомат,Инчхон,0,3,1998,23600000,0.872
Ssangyong,Torres,2023,3,28330,Бензин,Автомат,Ульсан,0,3,2999,18800000,1.195
Genesis,G80,2017,9,160656,Дизель,Автомат,Инчхон,0,1,1998,8200000,1.129
Renault Korea,QM6,2016,10,118138,Дизель,Автомат,Инчхон,0,2,2199,3900000,0.872
Kia,K5,2025,1,11647,Бензин,Автомат,Сеул,0,3,1600,22700000,0.821
Hyundai,Tucson,2017,9,155047,Дизель,Автомат,Инчхон,1,1,1600,4800000,0.693
Kia,Sportage,2026,0,1159,Бензин,Автомат,Пусан,0,3,2497,29100000,0.975
Hyundai,Santa Fe,2024,2,16299,Бензин,Автомат,Пусан,0,3,1998,27600000,1.328
Kia,Sportage,2026,0,1066,Дизель,Автомат,Пусан,0,3,1600,26700000,0.975
Hyundai,Santa Fe,2025,1,7051,Бензин,Автомат,Сеул,1,2,2999,27600000,0.77
Hyundai,Avante,2016,10,115302,Гибрид,Механика,Инчхон,1,3,1600,3000000,0.382
Kia,K5,2016,10,135619,Бензин,Автомат,Пусан,0,3,2497,3900000,0.821
Kia,K5,2023,3,35683,Бензин,Автомат,Кёнгидо (Ансан),0,1,2199,19500000,1.063
Renault Korea,QM6,2019,7,77890,Дизель,Автомат,Кёнгидо (Ансан),0,1,2497,3900000,0.872
Genesis,G80,2019,7,82423,Дизель,Автомат,Сеул,0,1,1600,15100000,1.129
Ssangyong,Torres,2018,8,110783,Гибрид,Автомат,Ульсан,0,1,1600,4500000,0.836
Kia,Sorento,2025,1,16894,Дизель,Автомат,Кёнгидо (Ансан),0,1,1998,33300000,1.026
Kia,Sportage,2022,4,66546,Гибрид,Автомат,Инчхон,0,1,2199,16100000,1.142
Ssangyong,Torres,2022,4,45239,Гибрид,Автомат,Ульсан,0,2,2999,15500000,1.082
Hyundai,Avante,2016,10,133777,Дизель,Автомат,Ульсан,0,1,2999,3000000,0.718
Kia,K5,2023,3,40727,Дизель,Автомат,Инчхон,1,1,2999,16600000,0.797
Hyundai,Avante,2026,0,500,Бензин,Автомат,Ульсан,1,1,2199,17500000,0.539
Hyundai,Avante,2021,5,92649,Бензин,Автомат,Кёнгидо (Ансан),0,2,2497,9000000,0.93
Genesis,G80,2021,5,92566,Дизель,Автомат,Кёнгидо (Ансан),1,1,2199,13900000,1.096
Genesis,G80,2026,0,4635,Бензин,Автомат,Кёнгидо (Ансан),1,1,2999,45300000,0.847
Renault Korea,QM6,2019,7,142261,Дизель,Автомат,Ульсан,0,2,2497,5300000,0.872
Hyundai,Avante,2026,0,500,Бензин,Автомат,Кёнгидо (Ансан),0,1,2999,19100000,0.718
Kia,Sportage,2023,3,43868,Гибрид,Механика,Сеул,1,1,2199,18900000,0.67
Hyundai,Tucson,2018,8,135633,Бензин,Автомат,Тэгу,0,3,1600,4800000,0.924
Renault Korea,QM6,2026,0,3087,Гибрид,Автомат,Сеул,0,2,2999,26100000,0.789
Ssangyong,Torres,2026,0,794,Бензин,Автомат,Сеул,0,3,2999,29200000,0.924
Ssangyong,Torres,2026,0,500,Бензин,Автомат,Кёнгидо (Ансан),0,2,2199,33100000,0.924
Hyundai,Tucson,2018,8,124582,Бензин,Автомат,Пусан,1,1,1998,4800000,0.693
Kia,Carnival,2023,3,35747,Дизель,Автомат,Пусан,0,2,2199,25700000,1.395
Kia,Sportage,2016,10,159132,Бензин,Автомат,Кёнгидо (Ансан),0,3,2199,4600000,0.975
Hyundai,Santa Fe,2023,3,53120,Бензин,Автомат,Ульсан,1,2,2999,19600000,0.996
Genesis,G80,2022,4,46740,Бензин,Автомат,Пусан,0,1,1600,25700000,1.461
Kia,Carnival,2018,8,78297,Бензин,Автомат,Ульсан,0,3,2199,6300000,1.078
Kia,K5,2024,2,23612,Бензин,Автомат,Инчхон,0,2,2497,20700000,1.063
Kia,K5,2024,2,26409,Гибрид,Автомат,Ульсан,0,3,2497,21800000,0.961
Kia,Sorento,2020,6,90295,Дизель,Автомат,Ульсан,0,3,2999,9400000,1.328
Kia,Carnival,2026,0,2317,Гибрид,Автомат,Сеул,0,1,1600,40100000,0.975
Genesis,G80,2025,1,14521,Бензин,Автомат,Инчхон,0,3,2199,45600000,1.129
Kia,Carnival,2026,0,500,Дизель,Механика,Тэгу,0,1,2199,39500000,0.843
Chevrolet,Trailblazer,2021,5,83038,Гибрид,Механика,Тэгу,0,1,1600,13400000,0.799
Hyundai,Sonata,2025,1,7639,Бензин,Автомат,Тэгу,0,3,1600,21500000,0.821
Hyundai,Santa Fe,2024,2,18784,Дизель,Автомат,Инчхон,0,3,2497,32800000,1.328
Kia,Sorento,2020,6,63340,Бензин,Автомат,Пусан,0,1,2497,11200000,1.328
Hyundai,Tucson,2026,0,500,Гибрид,Автомат,Кёнгидо (Ансан),0,2,1998,33600000,0.836
Chevrolet,Trailblazer,2022,4,71033,Дизель,Автомат,Сеул,0,3,2497,17900000,1.129
Kia,Sportage,2021,5,86323,Бензин,Автомат,Ульсан,0,2,2999,15000000,1.262
Ssangyong,Torres,2016,10,104467,Бензин,Автомат,Ульсан,0,1,2999,4500000,0.924
Ssangyong,Torres,2020,6,78359,Бензин,Автомат,Инчхон,0,3,1998,10200000,1.195
Hyundai,Sonata,2024,2,30566,Гибрид,Автомат,Тэгу,0,3,1998,22400000,0.961
Ssangyong,Torres,2016,10,141353,Дизель,Автомат,Кёнгидо (Ансан),0,1,1600,4500000,0.924
Hyundai,Tucson,2018,8,156811,Дизель,Автомат,Тэгу,0,3,2497,4800000,0.924
Ssangyong,Torres,2020,6,83429,LPG,Автомат,Инчхон,0,2,2497,7200000,1.082
Chevrolet,Trailblazer,2019,7,81723,Бензин,Автомат,Пусан,0,3,2199,6000000,0.872
Hyundai,Avante,2018,8,92627,Бензин,Автомат,Ульсан,0,3,1998,3000000,0.718
Hyundai,Santa Fe,2017,9,168652,Бензин,Автомат,Тэгу,1,1,2497,5700000,0.77
Chevrolet,Trailblazer,2025,1,26828,Гибрид,Автомат,Ульсан,0,1,1998,24600000,0.789
Kia,Sportage,2018,8,97511,Бензин,Автомат,Тэгу,1,2,2199,4600000,0.731
Genesis,G80,2021,5,67526,LPG,Автомат,Тэгу,0,1,2199,25000000,1.322
Renault Korea,QM6,2017,9,111306,Бензин,Автомат,Кёнгидо (Ансан),1,2,1600,3900000,0.654
Kia,Sportage,2025,1,21615,Дизель,Автомат,Кёнгидо (Ансан),1,1,1600,20900000,0.731
Ssangyong,Torres,2020,6,102598,LPG,Автомат,Пусан,1,1,1998,7300000,0.811
Hyundai,Tucson,2022,4,76523,LPG,Автомат,Пусан,0,1,2199,14400000,1.082
Kia,K5,2023,3,58299,Бензин,Автомат,Инчхон,0,3,2497,17100000,1.063
Genesis,G80,2020,6,82065,Бензин,Автомат,Сеул,0,3,2497,18500000,1.461
Kia,K5,2025,1,21483,Бензин,Автомат,Пусан,0,1,2999,23000000,0.821
Kia,Carnival,2022,4,70820,Дизель,Автомат,Ульсан,1,3,2497,17100000,1.046
Kia,Carnival,2021,5,86741,LPG,Автомат,Сеул,0,2,2199,17600000,1.262
Kia,Sorento,2020,6,60769,Бензин,Автомат,Ульсан,0,3,1998,13000000,1.328
Chevrolet,Trailblazer,2022,4,79317,Гибрид,Механика,Ульсан,0,2,2999,15800000,0.799
Kia,Sportage,2023,3,58316,Бензин,Автомат,Тэгу,0,3,2497,21800000,1.262
Kia,K5,2024,2,27925,Гибрид,Автомат,Тэгу,1,1,1998,17500000,0.721
Hyundai,Tucson,2019,7,96136,Бензин,Автомат,Кёнгидо (Ансан),0,3,2999,8000000,0.924
Renault Korea,QM6,2018,8,153520,Бензин,Автомат,Инчхон,0,2,2999,3900000,0.872
Kia,Sportage,2021,5,84943,Бензин,Автомат,Инчхон,0,2,1600,12400000,1.262
Kia,Sorento,2019,7,138130,Дизель,Автомат,Тэгу,0,2,1998,8100000,1.026
Hyundai,Santa Fe,2016,10,148350,LPG,Автомат,Инчхон,1,1,2199,5700000,0.696
Hyundai,Tucson,2019,7,99276,Дизель,Автомат,Пусан,1,1,1998,7500000,0.693
Hyundai,Tucson,2024,2,23759,Бензин,Автомат,Пусан,0,3,2199,22400000,1.195
Kia,K5,2019,7,91989,Гибрид,Автомат,Кёнгидо (Ансан),0,2,2999,6500000,0.743
Hyundai,Tucson,2023,3,42761,Бензин,Автомат,Инчхон,0,3,2999,20100000,1.195
Hyundai,Santa Fe,2017,9,110424,Бензин,Автомат,Кёнгидо (Ансан),0,3,1998,5700000,1.026
Kia,K5,2017,9,130722,Дизель,Автомат,Пусан,0,2,2497,3900000,0.821
Renault Korea,QM6,2020,6,93090,Гибрид,Механика,Ульсан,0,1,2497,8700000,0.799
Kia,Carnival,2023,3,43997,Бензин,Автомат,Кёнгидо (Ансан),0,1,1600,28500000,1.395
Kia,Carnival,2024,2,24156,Бензин,Автомат,Тэгу,0,2,2497,31100000,1.395
Kia,K5,2020,6,78972,Гибрид,Механика,Сеул,0,2,2199,9700000,0.752
Kia,Carnival,2020,6,106949,Бензин,Автомат,Тэгу,0,2,1600,13900000,1.395
Chevrolet,Trailblazer,2020,6,70998,Бензин,Автомат,Пусан,1,1,2999,6000000,0.847
Renault Korea,QM6,2017,9,92834,Дизель,Автомат,Тэгу,1,3,2497,3900000,0.654
Kia,K5,2022,4,64815,Бензин,Автомат,Тэгу,0,1,1998,14700000,1.063
Kia,Carnival,2019,7,101507,Гибрид,Автомат,Кёнгидо (Ансан),0,1,2999,11000000,0.975
Renault Korea,QM6,2022,4,59203,Бензин,Автомат,Ульсан,0,1,2497,16800000,1.129
Kia,K5,2017,9,137010,Бензин,Автомат,Кёнгидо (Ансан),0,1,2199,3900000,0.821
Hyundai,Avante,2020,6,106924,Бензин,Автомат,Кёнгидо (Ансан),0,3,2497,8100000,0.93
Hyundai,Santa Fe,2019,7,153711,LPG,Автомат,Пусан,0,2,2199,8500000,0.929
Kia,Sorento,2016,10,151590,LPG,Автомат,Кёнгидо (Ансан),0,3,2497,5600000,0.929
Genesis,G80,2025,1,20258,Гибрид,Автомат,Кёнгидо (Ансан),0,3,2999,46400000,1.021
Kia,Carnival,2026,0,2531,Дизель,Автомат,Кёнгидо (Ансан),0,3,2199,41900000,1.078
Hyundai,Sonata,2018,8,99445,Бензин,Автомат,Кёнгидо (Ансан),1,3,1998,4000000,0.616
Genesis,G80,2022,4,73735,LPG,Автомат,Ульсан,0,1,1600,28500000,1.322
Hyundai,Santa Fe,2019,7,100372,LPG,Автомат,Сеул,0,1,1998,7600000,0.929
Hyundai,Santa Fe,2020,6,106233,Дизель,Автомат,Инчхон,0,3,2199,15300000,1.328
Chevrolet,Trailblazer,2020,6,51198,Бензин,Автомат,Ульсан,0,3,1998,9000000,1.129
Hyundai,Sonata,2020,6,75694,Бензин,Автомат,Ульсан,0,2,2999,10300000,1.063
Kia,Carnival,2020,6,65447,Дизель,Автомат,Тэгу,0,2,2199,13700000,1.395
Hyundai,Avante,2023,3,44719,Дизель,Автомат,Ульсан,1,3,1998,11000000,0.697
Hyundai,Santa Fe,2023,3,21774,Бензин,Автомат,Тэгу,0,3,2999,24900000,1.328
Kia,Sportage,2026,0,500,LPG,Автомат,Тэгу,0,2,1998,29600000,0.882
Hyundai,Sonata,2019,7,108540,Дизель,Автомат,Тэгу,0,1,2999,6500000,0.821
Kia,Carnival,2020,6,82794,Бензин,Автомат,Инчхон,0,2,1600,12600000,1.395
Hyundai,Sonata,2016,10,123022,Бензин,Автомат,Кёнгидо (Ансан),1,1,2999,4000000,0.616
Kia,Carnival,2023,3,31478,Бензин,Автомат,Инчхон,0,1,1998,26900000,1.395
Chevrolet,Trailblazer,2021,5,92372,Гибрид,Автомат,Кёнгидо (Ансан),1,2,2999,9500000,0.766
Hyundai,Avante,2022,4,63101,Бензин,Механика,Тэгу,0,3,1600,11700000,0.728
Genesis,G80,2026,0,500,Дизель,Автомат,Ульсан,0,2,2497,54700000,1.129
Renault Korea,QM6,2023,3,51459,Бензин,Автомат,Сеул,0,1,1998,15900000,1.129
Kia,K5,2025,1,10889,Бензин,Автомат,Кёнгидо (Ансан),0,2,2999,22800000,0.821
Hyundai,Tucson,2023,3,57224,Бензин,Автомат,Кёнгидо (Ансан),0,2,1600,20900000,1.195
Genesis,G80,2025,1,15415,Бензин,Автомат,Пусан,0,3,1600,44100000,1.129
Hyundai,Santa Fe,2016,10,158500,Дизель,Автомат,Инчхон,0,1,2199,5700000,1.026
Hyundai,Tucson,2025,1,12709,Бензин,Автомат,Тэгу,0,3,1600,27700000,0.924
Chevrolet,Trailblazer,2021,5,63745,Бензин,Автомат,Сеул,0,3,2199,10600000,1.129
Hyundai,Avante,2021,5,80745,Дизель,Автомат,Тэгу,0,2,2999,7900000,0.93
Genesis,G80,2019,7,116358,Бензин,Автомат,Инчхон,0,1,2497,18000000,1.129
Kia,Sportage,2019,7,167756,Бензин,Автомат,Сеул,0,2,2999,7000000,0.975
Chevrolet,Trailblazer,2018,8,99858,Дизель,Автомат,Инчхон,0,2,1600,4200000,0.872
Kia,K5,2022,4,69364,Бензин,Автомат,Ульсан,0,3,2999,15100000,1.063
Hyundai,Avante,2023,3,53947,Дизель,Механика,Пусан,0,2,2999,11600000,0.728
Kia,Sorento,2018,8,136318,Бензин,Автомат,Инчхон,0,1,2199,5600000,1.026
Renault Korea,QM6,2018,8,91202,LPG,Автомат,Инчхон,0,2,2199,3900000,0.789
Genesis,G80,2025,1,14915,Бензин,Автомат,Инчхон,0,1,1600,50900000,1.129
Hyundai,Tucson,2026,0,1865,Дизель,Автомат,Пусан,0,2,1600,28600000,0.924
Renault Korea,QM6,2025,1,9565,Бензин,Механика,Сеул,0,2,1600,24700000,0.683
Hyundai,Avante,2026,0,500,Дизель,Автомат,Кёнгидо (Ансан),0,1,1600,20300000,0.718
Genesis,G80,2023,3,50713,Гибрид,Автомат,Сеул,1,3,2199,25800000,0.991
Hyundai,Tucson,2016,10,140256,Бензин,Автомат,Инчхон,0,2,2199,4800000,0.924
Ssangyong,Torres,2018,8,118485,Дизель,Автомат,Тэгу,1,1,2199,4500000,0.693
Kia,K5,2025,1,15448,Дизель,Автомат,Пусан,0,2,2199,21800000,0.821
Genesis,G80,2023,3,37063,Бензин,Автомат,Пусан,0,2,1600,34400000,1.461
Ssangyong,Torres,2017,9,146696,Бензин,Автомат,Пусан,0,3,1998,4500000,0.924
Renault Korea,QM6,2019,7,115748,Дизель,Механика,Пусан,0,1,1998,7100000,0.683
Kia,Carnival,2026,0,4541,Бензин,Автомат,Сеул,0,3,2999,42000000,1.078
Hyundai,Tucson,2026,0,500,Бензин,Автомат,Ульсан,0,3,2497,30600000,0.924
Kia,Sorento,2023,3,28777,Гибрид,Автомат,Сеул,1,3,2199,20700000,0.901
Kia,Sportage,2023,3,37006,Гибрид,Автомат,Пусан,0,1,2199,22700000,1.142
Hyundai,Santa Fe,2020,6,72309,Бензин,Автомат,Инчхон,0,1,1600,12400000,1.328
Hyundai,Tucson,2026,0,500,Гибрид,Автомат,Тэгу,0,2,1600,31100000,0.836
Hyundai,Avante,2016,10,142560,Гибрид,Автомат,Кёнгидо (Ансан),0,3,1998,3000000,0.65
Hyundai,Avante,2022,4,40209,Бензин,Автомат,Инчхон,0,2,2199,9000000,0.93
Kia,Sorento,2017,9,149072,Бензин,Автомат,Сеул,0,3,2199,5600000,1.026
Genesis,G80,2018,8,110251,Дизель,Автомат,Инчхон,1,1,2497,8200000,0.847
Ssangyong,Torres,2022,4,74772,Дизель,Автомат,Сеул,0,2,2199,19100000,1.195
Chevrolet,Trailblazer,2020,6,66722,Гибрид,Автомат,Тэгу,0,3,1600,8300000,1.021
Kia,Carnival,2017,9,188707,Дизель,Автомат,Тэгу,0,1,1998,6300000,1.078
Ssangyong,Torres,2026,0,7763,Гибрид,Автомат,Кёнгидо (Ансан),0,3,1600,30300000,0.836
Kia,K5,2017,9,91598,Дизель,Автомат,Ульсан,0,3,1998,3900000,0.821
Ssangyong,Torres,2025,1,20488,Дизель,Автомат,Пусан,0,2,2199,25500000,0.924
Ssangyong,Torres,2024,2,41088,Гибрид,Автомат,Пусан,0,3,1600,21100000,1.082
Chevrolet,Trailblazer,2023,3,52936,Бензин,Автомат,Инчхон,0,1,2497,20600000,1.129
Kia,Sportage,2016,10,114931,Дизель,Автомат,Кёнгидо (Ансан),1,1,1600,4600000,0.731
Hyundai,Avante,2021,5,79133,Бензин,Автомат,Ульсан,0,3,1998,8000000,0.93
Hyundai,Sonata,2024,2,30750,Дизель,Автомат,Пусан,1,2,2999,18800000,0.797
Kia,Carnival,2017,9,102685,Бензин,Автомат,Инчхон,1,2,2497,6300000,0.808
Ssangyong,Torres,2019,7,97791,LPG,Автомат,Тэгу,0,2,1998,7800000,0.836
Hyundai,Tucson,2021,5,73465,Гибрид,Автомат,Пусан,0,3,2497,15600000,1.082
Kia,Sorento,2017,9,149607,Бензин,Автомат,Тэгу,0,1,2199,5600000,1.026
Hyundai,Santa Fe,2024,2,32782,Дизель,Автомат,Инчхон,0,2,1998,29600000,1.328
Ssangyong,Torres,2023,3,36599,Бензин,Автомат,Тэгу,0,3,2999,22900000,1.195
Kia,K5,2026,0,500,Бензин,Автомат,Инчхон,0,2,2999,26700000,0.821
Hyundai,Sonata,2020,6,119571,Гибрид,Автомат,Инчхон,0,1,2199,6600000,0.961
Hyundai,Tucson,2022,4,71493,Бензин,Автомат,Пусан,0,3,2199,16800000,1.195
Renault Korea,QM6,2016,10,147684,Гибрид,Автомат,Кёнгидо (Ансан),1,3,2199,3900000,0.592
Kia,Sorento,2025,1,19958,LPG,Автомат,Кёнгидо (Ансан),0,1,2497,30200000,0.929
Kia,Carnival,2020,6,88394,Бензин,Автомат,Ульсан,0,3,2497,12500000,1.395
Hyundai,Sonata,2026,0,500,Гибрид,Автомат,Сеул,0,3,1600,26200000,0.743
Kia,Carnival,2021,5,49531,Бензин,Автомат,Инчхон,1,1,2199,17000000,1.046
Hyundai,Avante,2022,4,58423,Дизель,Автомат,Тэгу,1,2,2999,8700000,0.697
Kia,Sportage,2021,5,98125,Гибрид,Механика,Пусан,1,1,1998,9100000,0.67
Renault Korea,QM6,2024,2,26131,Дизель,Автомат,Ульсан,0,1,1600,20100000,1.129
Kia,K5,2019,7,117552,Бензин,Автомат,Инчхон,0,1,2199,6300000,0.821
Hyundai,Sonata,2018,8,140454,Дизель,Автомат,Пусан,0,1,1600,4000000,0.821
Hyundai,Tucson,2023,3,62693,Гибрид,Автомат,Сеул,0,2,2199,18400000,1.082
Genesis,G80,2018,8,81525,Дизель,Автомат,Ульсан,0,1,1998,8200000,1.129
Chevrolet,Trailblazer,2018,8,118760,Дизель,Автомат,Сеул,1,2,2999,4200000,0.654
Kia,K5,2026,0,1212,Бензин,Автомат,Инчхон,0,1,1998,27000000,0.821
Kia,Sorento,2026,0,1681,Дизель,Автомат,Инчхон,0,3,1998,36600000,1.026
Kia,K5,2025,1,17570,Бензин,Механика,Кёнгидо (Ансан),0,1,1600,22500000,0.643
Kia,Sportage,2019,7,100018,Дизель,Механика,Инчхон,1,1,1600,4600000,0.572
Ssangyong,Torres,2017,9,130246,Гибрид,Автомат,Пусан,0,1,2199,4500000,0.836
Genesis,G80,2018,8,106373,Бензин,Автомат,Сеул,1,3,2199,8200000,0.847
Kia,K5,2018,8,117627,Бензин,Автомат,Ульсан,0,2,2497,3900000,0.821
Hyundai,Sonata,2023,3,40300,Дизель,Автомат,Тэгу,0,3,1600,17100000,1.063
Ssangyong,Torres,2019,7,144203,Бензин,Автомат,Сеул,0,3,1600,4800000,0.924
Hyundai,Avante,2020,6,84095,Бензин,Автомат,Ульсан,0,3,1600,5000000,0.93
Kia,Sorento,2025,1,5482,Гибрид,Автомат,Сеул,0,2,1998,31500000,0.929
Renault Korea,QM6,2023,3,35098,Бензин,Автомат,Пусан,0,3,2999,18200000,1.129
Kia,K5,2016,10,147759,Дизель,Автомат,Сеул,0,1,2199,3900000,0.821
Kia,Sorento,2024,2,14936,LPG,Механика,Пусан,0,2,2999,25300000,0.941
Hyundai,Avante,2017,9,87747,Дизель,Автомат,Кёнгидо (Ансан),1,2,1998,3000000,0.539
Chevrolet,Trailblazer,2025,1,11445,Бензин,Автомат,Инчхон,0,3,2199,25300000,0.872
Kia,K5,2016,10,101610,Бензин,Автомат,Сеул,1,3,2497,3900000,0.616
Kia,Carnival,2021,5,82318,Бензин,Автомат,Инчхон,0,2,1600,18100000,1.395
Kia,Sportage,2026,0,500,Бензин,Автомат,Тэгу,0,2,1998,32100000,0.975
Hyundai,Tucson,2019,7,92975,Дизель,Автомат,Пусан,1,3,1600,4800000,0.693
Hyundai,Avante,2021,5,56861,Дизель,Автомат,Ульсан,1,2,1998,6100000,0.697
Chevrolet,Trailblazer,2022,4,59931,Бензин,Автомат,Тэгу,0,2,2199,13700000,1.129
Kia,K5,2023,3,52137,Дизель,Автомат,Инчхон,0,1,2497,18700000,1.063
Genesis,G80,2018,8,99396,Бензин,Автомат,Инчхон,0,2,1998,8200000,1.129
Genesis,G80,2022,4,75441,Бензин,Автомат,Пусан,0,2,2999,32600000,1.461
Ssangyong,Torres,2018,8,120905,Бензин,Автомат,Кёнгидо (Ансан),0,3,2199,4500000,0.924
Kia,Sorento,2022,4,43461,Дизель,Автомат,Кёнгидо (Ансан),1,2,2999,14700000,0.996
Hyundai,Santa Fe,2021,5,75777,Дизель,Автомат,Тэгу,1,3,2497,14000000,0.996
Kia,Sportage,2021,5,75108,Дизель,Автомат,Кёнгидо (Ансан),0,3,1998,14100000,1.262
Genesis,G80,2020,6,89208,Бензин,Автомат,Инчхон,0,1,2497,18400000,1.461
Hyundai,Avante,2026,0,500,Дизель,Автомат,Инчхон,1,1,2497,18000000,0.539
Hyundai,Santa Fe,2020,6,113380,Дизель,Автомат,Инчхон,0,3,2999,13200000,1.328
Genesis,G80,2019,7,103232,Дизель,Автомат,Сеул,0,3,2199,10300000,1.129
Renault Korea,QM6,2025,1,12400,Бензин,Автомат,Сеул,0,3,1600,23100000,0.872
Kia,Carnival,2019,7,93690,Дизель,Автомат,Сеул,0,1,1600,8300000,1.078
Kia,Sportage,2026,0,1426,Бензин,Автомат,Тэгу,0,2,2999,29300000,0.975
Hyundai,Sonata,2016,10,143649,Бензин,Автомат,Пусан,0,3,1600,4000000,0.821
Kia,Carnival,2019,7,102686,Дизель,Автомат,Пусан,0,3,2199,9200000,1.078
Ssangyong,Torres,2023,3,36594,Дизель,Автомат,Кёнгидо (Ансан),0,3,1600,20000000,1.195
Kia,K5,2016,10,144449,Гибрид,Автомат,Тэгу,0,2,2199,3900000,0.743
Chevrolet,Trailblazer,2019,7,95911,Бензин,Автомат,Ульсан,0,2,2497,9300000,0.872
Chevrolet,Trailblazer,2025,1,17751,Гибрид,Автомат,Пусан,0,3,1600,25900000,0.789
Hyundai,Santa Fe,2021,5,72691,Дизель,Автомат,Тэгу,0,3,2199,18600000,1.328
Genesis,G80,2026,0,3550,Бензин,Механика,Сеул,0,2,2999,54300000,0.884
Chevrolet,Trailblazer,2022,4,76423,Гибрид,Автомат,Пусан,1,3,2199,12300000,0.766
Ssangyong,Torres,2020,6,104950,Гибрид,Автомат,Ульсан,1,1,1998,7000000,0.811
Hyundai,Tucson,2024,2,31041,Гибрид,Автомат,Сеул,0,3,2199,22800000,1.082
Renault Korea,QM6,2018,8,120214,Гибрид,Автомат,Ульсан,0,1,2199,3900000,0.789
Hyundai,Tucson,2021,5,53408,Бензин,Автомат,Инчхон,0,3,2999,14800000,1.195
Chevrolet,Trailblazer,2020,6,78205,Бензин,Автомат,Кёнгидо (Ансан),0,2,2999,9600000,1.129
Kia,Carnival,2019,7,120131,Бензин,Автомат,Ульсан,0,1,2999,8700000,1.078
Chevrolet,Trailblazer,2019,7,87282,Гибрид,Автомат,Инчхон,0,2,2199,6600000,0.789
Kia,Sorento,2017,9,123903,Бензин,Автомат,Тэгу,0,3,2199,5600000,1.026
Chevrolet,Trailblazer,2025,1,22620,Дизель,Автомат,Пусан,0,1,2999,24800000,0.872
Kia,K5,2023,3,36330,Бензин,Автомат,Инчхон,0,2,1600,16400000,1.063
Renault Korea,QM6,2023,3,51521,Бензин,Автомат,Сеул,1,2,1998,15100000,0.847
Hyundai,Sonata,2023,3,44261,Бензин,Автомат,Инчхон,0,2,2199,16500000,1.063
Kia,K5,2016,10,164290,Дизель,Автомат,Тэгу,0,1,1998,3900000,0.821
Hyundai,Tucson,2023,3,64002,Бензин,Автомат,Инчхон,0,3,2999,20200000,1.195
Hyundai,Tucson,2019,7,114240,Дизель,Автомат,Ульсан,1,1,2199,4800000,0.693
Renault Korea,QM6,2019,7,147090,Гибрид,Автомат,Инчхон,0,3,2199,3900000,0.789
Genesis,G80,2025,1,20670,Дизель,Автомат,Инчхон,0,3,2199,43800000,1.129
Hyundai,Tucson,2026,0,500,Бензин,Автомат,Сеул,0,3,2199,28300000,0.924
Kia,Carnival,2025,1,17580,Бензин,Автомат,Ульсан,0,1,2199,39800000,1.078
Kia,Sportage,2026,0,500,Бензин,Автомат,Пусан,0,2,1998,30500000,0.975
Hyundai,Santa Fe,2026,0,1511,Бензин,Автомат,Инчхон,1,1,2497,31000000,0.77
Kia,Sorento,2024,2,24283,Бензин,Автомат,Инчхон,0,2,2497,27800000,1.328
Kia,K5,2019,7,115888,LPG,Автомат,Сеул,1,1,1600,4100000,0.557
Hyundai,Santa Fe,2020,6,109905,Гибрид,Автомат,Пусан,0,2,2999,15700000,1.202
Ssangyong,Torres,2021,5,66875,Гибрид,Автомат,Тэгу,0,3,2199,12900000,1.082
Chevrolet,Trailblazer,2024,2,32928,Дизель,Автомат,Ульсан,0,1,2999,20500000,1.129
Hyundai,Tucson,2022,4,41609,LPG,Автомат,Кёнгидо (Ансан),0,3,2999,15800000,1.082
Ssangyong,Torres,2025,1,13216,Дизель,Автомат,Ульсан,0,2,1600,26400000,0.924
Hyundai,Avante,2024,2,34216,Гибрид,Автомат,Пусан,1,2,2999,13800000,0.631
Hyundai,Avante,2025,1,10493,Дизель,Автомат,Кёнгидо (Ансан),0,1,2497,16300000,0.718
Hyundai,Santa Fe,2026,0,500,Бензин,Механика,Тэгу,0,3,2497,37900000,0.803
Hyundai,Avante,2022,4,32643,Гибрид,Автомат,Сеул,0,2,1600,12700000,0.841
Hyundai,Santa Fe,2026,0,1849,Гибрид,Автомат,Кёнгидо (Ансан),0,3,2497,36400000,0.929
Hyundai,Santa Fe,2026,0,500,Бензин,Автомат,Пусан,1,3,2999,35200000,0.77
Chevrolet,Trailblazer,2016,10,110911,Дизель,Автомат,Тэгу,0,3,2497,4200000,0.872
Hyundai,Sonata,2022,4,66937,Дизель,Автомат,Тэгу,1,3,2199,11700000,0.797
Ssangyong,Torres,2023,3,59873,Бензин,Автомат,Кёнгидо (Ансан),0,3,1998,20900000,1.195
Kia,Carnival,2017,9,155226,Бензин,Автомат,Кёнгидо (Ансан),0,3,1998,6300000,1.078
Genesis,G80,2018,8,130306,Бензин,Автомат,Кёнгидо (Ансан),0,3,2497,8200000,1.129
Hyundai,Sonata,2024,2,30018,Бензин,Автомат,Сеул,0,2,1998,19200000,1.063
Kia,K5,2020,6,58241,Бензин,Автомат,Сеул,0,2,2999,10400000,1.063
Renault Korea,QM6,2022,4,70495,Дизель,Автомат,Сеул,0,1,2199,13300000,1.129
Genesis,G80,2024,2,30768,Бензин,Автомат,Сеул,0,2,2497,41100000,1.461
Hyundai,Tucson,2018,8,113411,Гибрид,Автомат,Пусан,1,3,2999,4800000,0.627
Hyundai,Santa Fe,2019,7,117328,Бензин,Механика,Пусан,0,1,2999,8900000,0.803
Hyundai,Sonata,2020,6,76218,Дизель,Автомат,Кёнгидо (Ансан),0,1,2199,9500000,1.063
Hyundai,Sonata,2021,5,63369,Гибрид,Автомат,Сеул,0,1,2497,9700000,0.961
Kia,K5,2022,4,71005,Бензин,Автомат,Инчхон,0,3,2199,15200000,1.063
Hyundai,Santa Fe,2023,3,46293,Бензин,Автомат,Ульсан,0,1,2999,24800000,1.328
Hyundai,Santa Fe,2019,7,127432,Бензин,Автомат,Инчхон,0,2,1600,5700000,1.026
Hyundai,Tucson,2018,8,116786,Гибрид,Автомат,Тэгу,0,2,2199,4800000,0.836
Hyundai,Avante,2016,10,167675,Бензин,Автомат,Тэгу,0,3,2497,3000000,0.718
Hyundai,Sonata,2020,6,96445,Бензин,Автомат,Инчхон,0,2,2199,9200000,1.063
Hyundai,Santa Fe,2019,7,121262,Дизель,Автомат,Ульсан,1,1,1998,5700000,0.77
Genesis,G80,2019,7,81925,Дизель,Автомат,Тэгу,0,3,2497,8200000,1.129
Hyundai,Avante,2016,10,158282,Дизель,Автомат,Пусан,0,1,2199,3000000,0.718
Hyundai,Tucson,2018,8,138518,Бензин,Автомат,Пусан,0,1,2199,4800000,0.924
Ssangyong,Torres,2019,7,90028,Гибрид,Автомат,Кёнгидо (Ансан),1,1,1998,4500000,0.627
Ssangyong,Torres,2019,7,104229,Гибрид,Автомат,Инчхон,1,2,2999,4500000,0.627
Kia,K5,2018,8,143252,Дизель,Автомат,Пусан,1,2,1998,3900000,0.616
Hyundai,Tucson,2023,3,57418,Бензин,Автомат,Пусан,0,1,1998,22400000,1.195
Hyundai,Tucson,2020,6,89156,Бензин,Автомат,Пусан,0,2,2199,9300000,1.195
Hyundai,Avante,2016,10,136917,Бензин,Автомат,Инчхон,0,1,2497,3000000,0.718
Kia,Carnival,2022,4,46471,Бензин,Автомат,Сеул,0,3,1600,23300000,1.395
Kia,Sportage,2024,2,27840,Бензин,Автомат,Пусан,0,2,2497,25500000,1.262
Kia,Carnival,2020,6,59181,Бензин,Автомат,Пусан,0,3,2199,12100000,1.395
Kia,Sportage,2017,9,137008,Дизель,Автомат,Тэгу,0,2,2497,4600000,0.975
Kia,Carnival,2026,0,500,Бензин,Автомат,Сеул,0,2,2999,40700000,1.078
Hyundai,Sonata,2023,3,41424,LPG,Автомат,Тэгу,0,3,2497,16000000,0.961
Renault Korea,QM6,2018,8,131327,Дизель,Автомат,Сеул,0,2,1600,3900000,0.872
Kia,Sorento,2025,1,12084,Дизель,Автомат,Кёнгидо (Ансан),0,1,1998,32800000,1.026
Hyundai,Avante,2020,6,118475,Бензин,Автомат,Ульсан,0,3,1600,6400000,0.93
Ssangyong,Torres,2016,10,131015,Бензин,Механика,Тэгу,0,1,1600,4500000,0.723
Chevrolet,Trailblazer,2026,0,592,Гибрид,Автомат,Пусан,0,3,1998,29800000,0.789
Hyundai,Sonata,2022,4,66593,Дизель,Автомат,Кёнгидо (Ансан),0,1,2497,15700000,1.063
Chevrolet,Trailblazer,2025,1,17092,Дизель,Автомат,Пусан,0,1,2199,25200000,0.872
Kia,Carnival,2022,4,41880,LPG,Автомат,Ульсан,0,1,1998,24200000,1.262
Kia,Sorento,2024,2,22354,Дизель,Автомат,Сеул,0,3,2999,27000000,1.328
Chevrolet,Trailblazer,2021,5,72507,Дизель,Автомат,Ульсан,0,2,1600,10100000,1.129
Hyundai,Tucson,2023,3,31453,Гибрид,Автомат,Кёнгидо (Ансан),0,2,2497,23100000,1.082
Hyundai,Sonata,2025,1,7774,Дизель,Автомат,Ульсан,0,1,2999,24000000,0.821
Hyundai,Tucson,2016,10,138597,Бензин,Автомат,Пусан,0,1,2999,4800000,0.924
Hyundai,Avante,2020,6,103328,Бензин,Автомат,Сеул,1,3,2497,4100000,0.697
Kia,Sorento,2016,10,172693,Дизель,Автомат,Инчхон,0,3,1600,5600000,1.026
Ssangyong,Torres,2022,4,50886,Гибрид,Автомат,Пусан,0,2,2497,19800000,1.082
Hyundai,Tucson,2023,3,32290,Дизель,Автомат,Пусан,0,1,1600,20800000,1.195
Hyundai,Tucson,2016,10,167511,Дизель,Автомат,Тэгу,0,1,2497,4800000,0.924
Kia,Sorento,2025,1,9823,Дизель,Автомат,Инчхон,0,2,1600,32900000,1.026
Kia,Sportage,2024,2,24428,Гибрид,Автомат,Кёнгидо (Ансан),0,2,2199,24400000,1.142
Hyundai,Sonata,2017,9,55581,Бензин,Автомат,Ульсан,1,1,2199,4000000,0.616
Ssangyong,Torres,2017,9,132936,Дизель,Автомат,Тэгу,0,1,2497,4500000,0.924
Renault Korea,QM6,2016,10,199195,Дизель,Автомат,Инчхон,0,3,1998,3900000,0.872
Renault Korea,QM6,2018,8,105806,Бензин,Автомат,Ульсан,0,1,1600,3900000,0.872
Kia,Carnival,2023,3,67657,Бензин,Автомат,Пусан,0,3,1998,27100000,1.395
Kia,K5,2026,0,2280,Бензин,Автомат,Тэгу,1,2,1998,23300000,0.616
Hyundai,Tucson,2024,2,16266,Гибрид,Автомат,Ульсан,0,2,1600,25700000,1.082
Genesis,G80,2019,7,97972,Бензин,Автомат,Пусан,0,3,2999,14700000,1.129
Hyundai,Avante,2025,1,19580,Гибрид,Автомат,Пусан,0,3,2999,16600000,0.65
Kia,Carnival,2022,4,51532,Бензин,Автомат,Тэгу,1,3,2199,18600000,1.046
Renault Korea,QM6,2026,0,12965,Дизель,Автомат,Инчхон,0,1,1998,27900000,0.872
Hyundai,Sonata,2024,2,24414,Бензин,Автомат,Сеул,0,3,1600,18900000,1.063
Hyundai,Sonata,2022,4,33901,Бензин,Автомат,Кёнгидо (Ансан),0,1,1998,14200000,1.063
Hyundai,Avante,2024,2,28856,Дизель,Автомат,Пусан,0,2,2497,15700000,0.93
Hyundai,Sonata,2019,7,92631,Дизель,Автомат,Инчхон,1,2,1600,5400000,0.616
Chevrolet,Trailblazer,2018,8,121468,Дизель,Механика,Инчхон,1,3,1600,4200000,0.512
Kia,Carnival,2023,3,60011,Гибрид,Автомат,Кёнгидо (Ансан),1,3,1600,22900000,0.946
Hyundai,Tucson,2018,8,74656,Гибрид,Автомат,Тэгу,0,2,1600,4800000,0.836
Hyundai,Tucson,2016,10,168314,Дизель,Автомат,Ульсан,0,2,2497,4800000,0.924
Hyundai,Avante,2026,0,752,Бензин,Автомат,Тэгу,0,1,2497,20500000,0.718
Hyundai,Tucson,2026,0,1184,Дизель,Механика,Сеул,0,1,1600,31900000,0.723
Hyundai,Avante,2016,10,143978,Бензин,Автомат,Пусан,0,1,2999,3000000,0.718
Hyundai,Sonata,2016,10,173734,Бензин,Автомат,Ульсан,0,2,1600,4000000,0.821
Hyundai,Tucson,2025,1,18217,Дизель,Автомат,Пусан,0,2,2497,27600000,0.924
Hyundai,Avante,2021,5,77404,Бензин,Автомат,Инчхон,0,2,2497,9100000,0.93
Hyundai,Santa Fe,2024,2,38212,Бензин,Автомат,Тэгу,0,2,2199,31200000,1.328
Ssangyong,Torres,2021,5,71120,Дизель,Автомат,Кёнгидо (Ансан),0,1,2199,11000000,1.195
Chevrolet,Trailblazer,2019,7,124093,Бензин,Автомат,Пусан,0,1,1998,5400000,0.872
Ssangyong,Torres,2023,3,63207,Бензин,Автомат,Сеул,1,3,1998,16300000,0.897
Kia,K5,2017,9,145661,Дизель,Автомат,Ульсан,0,1,1600,3900000,0.821
Renault Korea,QM6,2021,5,76615,Дизель,Автомат,Тэгу,1,1,2199,10800000,0.847
Kia,Sportage,2022,4,73023,Бензин,Автомат,Инчхон,1,2,1600,14400000,0.946
Kia,Sportage,2022,4,54521,Дизель,Автомат,Сеул,0,2,2199,18200000,1.262
Kia,Sorento,2019,7,116951,Дизель,Автомат,Сеул,1,2,2999,5600000,0.77
Kia,Carnival,2021,5,38852,Дизель,Автомат,Пусан,0,1,1600,17300000,1.395
Renault Korea,QM6,2022,4,28933,Дизель,Автомат,Сеул,0,3,1600,14300000,1.129
Kia,K5,2026,0,500,Бензин,Автомат,Кёнгидо (Ансан),1,1,2199,24600000,0.616
Renault Korea,QM6,2024,2,28559,Бензин,Автомат,Тэгу,0,2,1998,20700000,1.129
Kia,K5,2016,10,156422,Гибрид,Автомат,Инчхон,1,3,1998,3900000,0.557
Kia,K5,2025,1,11127,Бензин,Автомат,Пусан,0,2,2497,23500000,0.821
Kia,Carnival,2019,7,102024,Дизель,Автомат,Инчхон,0,2,2999,14200000,1.078
Kia,Carnival,2017,9,96159,Гибрид,Автомат,Ульсан,0,1,2497,6300000,0.975
Kia,K5,2018,8,146664,Дизель,Механика,Сеул,0,2,1600,4600000,0.643
Hyundai,Santa Fe,2025,1,13975,Бензин,Автомат,Тэгу,1,3,2497,30300000,0.77
Ssangyong,Torres,2023,3,47129,Дизель,Автомат,Инчхон,0,2,2999,20200000,1.195
Hyundai,Sonata,2022,4,44001,Гибрид,Автомат,Кёнгидо (Ансан),0,3,1600,15300000,0.961
Hyundai,Sonata,2024,2,28945,Гибрид,Автомат,Сеул,0,1,1600,20400000,0.961
Genesis,G80,2026,0,500,Бензин,Автомат,Ульсан,0,2,2999,47700000,1.129
Genesis,G80,2016,10,185980,Дизель,Автомат,Пусан,0,3,1600,8200000,1.129
Hyundai,Santa Fe,2017,9,105786,Гибрид,Автомат,Тэгу,0,3,2497,5700000,0.929
Chevrolet,Trailblazer,2017,9,135874,Гибрид,Автомат,Тэгу,0,3,2199,4200000,0.789
Kia,Carnival,2021,5,67390,Гибрид,Автомат,Кёнгидо (Ансан),0,3,2497,18400000,1.262
Hyundai,Tucson,2020,6,103168,Бензин,Автомат,Тэгу,0,1,2999,13000000,1.195
Kia,Sorento,2025,1,19556,Дизель,Автомат,Кёнгидо (Ансан),0,3,2999,30700000,1.026
Hyundai,Avante,2017,9,132056,Бензин,Автомат,Ульсан,0,2,1998,3000000,0.718
Genesis,G80,2016,10,163487,Гибрид,Механика,Ульсан,0,3,2999,8200000,0.799
Hyundai,Avante,2019,7,121809,Дизель,Автомат,Пусан,0,3,2497,3000000,0.718
Kia,Sorento,2019,7,111161,Дизель,Автомат,Пусан,0,1,1600,9900000,1.026
Hyundai,Santa Fe,2026,0,2614,Бензин,Автомат,Тэгу,1,2,2199,35300000,0.77
Genesis,G80,2017,9,169755,Дизель,Автомат,Пусан,0,3,2497,8200000,1.129
Chevrolet,Trailblazer,2016,10,206431,Бензин,Автомат,Сеул,0,1,2999,4200000,0.872
Chevrolet,Trailblazer,2025,1,28485,Дизель,Автомат,Пусан,0,1,2497,23200000,0.872
Chevrolet,Trailblazer,2021,5,81237,Бензин,Автомат,Кёнгидо (Ансан),0,2,2999,11500000,1.129
Hyundai,Santa Fe,2016,10,121768,Бензин,Автомат,Инчхон,0,2,2199,5700000,1.026
Kia,Sportage,2020,6,82894,Бензин,Автомат,Пусан,0,2,2497,10900000,1.262
Hyundai,Sonata,2021,5,84913,Бензин,Автомат,Тэгу,0,2,2199,11400000,1.063
Genesis,G80,2016,10,169091,Бензин,Автомат,Кёнгидо (Ансан),0,2,2497,8200000,1.129
Genesis,G80,2021,5,49025,Бензин,Автомат,Кёнгидо (Ансан),0,2,1600,27900000,1.461
Kia,Carnival,2020,6,113103,Бензин,Автомат,Кёнгидо (Ансан),1,3,2199,6300000,1.046
Kia,Sorento,2017,9,155964,Дизель,Автомат,Сеул,1,3,2199,5600000,0.77
Kia,Sorento,2021,5,49114,Гибрид,Автомат,Сеул,1,2,2497,14200000,0.901
Kia,K5,2025,1,16323,Гибрид,Автомат,Тэгу,1,3,2199,19800000,0.557
Ssangyong,Torres,2025,1,24004,Гибрид,Автомат,Ульсан,0,1,2199,28500000,0.836
Kia,Sportage,2017,9,131453,Бензин,Автомат,Кёнгидо (Ансан),0,2,2497,4600000,0.975
Chevrolet,Trailblazer,2017,9,180429,Дизель,Автомат,Кёнгидо (Ансан),0,1,2999,4200000,0.872
Renault Korea,QM6,2025,1,17839,Гибрид,Автомат,Ульсан,0,2,2999,21200000,0.789
Kia,Sportage,2018,8,96615,Гибрид,Автомат,Инчхон,0,1,1600,4600000,0.882
Kia,Carnival,2023,3,30061,Бензин,Автомат,Сеул,0,2,2999,30100000,1.395
Hyundai,Santa Fe,2017,9,154215,Бензин,Автомат,Кёнгидо (Ансан),0,1,2999,5700000,1.026
Hyundai,Tucson,2019,7,104078,Бензин,Автомат,Инчхон,0,3,2999,9400000,0.924
Renault Korea,QM6,2016,10,125715,Бензин,Механика,Пусан,0,1,2497,3900000,0.683
Kia,Sorento,2026,0,500,Дизель,Автомат,Ульсан,0,1,2199,32400000,1.026
Hyundai,Sonata,2025,1,12590,Бензин,Автомат,Инчхон,0,1,2999,22700000,0.821
Genesis,G80,2024,2,37797,Дизель,Автомат,Тэгу,0,2,2497,43600000,1.461
Hyundai,Avante,2023,3,31450,Бензин,Автомат,Тэгу,0,2,1600,12100000,0.93
Hyundai,Tucson,2020,6,67055,Гибрид,Автомат,Пусан,0,2,2999,11200000,1.082
Kia,Sportage,2020,6,81831,LPG,Автомат,Кёнгидо (Ансан),0,3,1998,8600000,1.142
Kia,Sportage,2018,8,129822,Дизель,Автомат,Сеул,0,1,2497,5000000,0.975
Kia,Carnival,2021,5,86826,Гибрид,Автомат,Кёнгидо (Ансан),0,3,2999,18900000,1.262
Kia,Sorento,2024,2,22571,Бензин,Автомат,Ульсан,1,1,2199,26500000,0.996
Hyundai,Tucson,2017,9,147127,Дизель,Автомат,Инчхон,0,2,2199,4800000,0.924
Kia,K5,2021,5,44331,Бензин,Автомат,Кёнгидо (Ансан),1,2,2999,8000000,0.797
Kia,Sorento,2025,1,20177,Гибрид,Автомат,Сеул,0,1,1600,33800000,0.929
Kia,K5,2025,1,14601,Дизель,Автомат,Инчхон,0,3,2199,22600000,0.821
Kia,Sorento,2016,10,228599,Бензин,Автомат,Пусан,0,2,1600,5600000,1.026
Hyundai,Sonata,2026,0,500,Бензин,Автомат,Сеул,0,1,2999,28100000,0.821
Hyundai,Tucson,2019,7,131162,Бензин,Автомат,Пусан,0,3,2999,4800000,0.924
Hyundai,Avante,2023,3,49562,Гибрид,Автомат,Ульсан,0,3,1600,12100000,0.841
Chevrolet,Trailblazer,2022,4,72878,Дизель,Автомат,Ульсан,0,2,2999,14700000,1.129
Hyundai,Avante,2017,9,162831,Дизель,Автомат,Сеул,0,2,2999,3000000,0.718
Kia,Sorento,2018,8,144438,Бензин,Автомат,Ульсан,0,1,2199,5600000,1.026
Hyundai,Avante,2021,5,31549,Бензин,Автомат,Пусан,0,2,2199,8700000,0.93
Genesis,G80,2023,3,42242,LPG,Автомат,Кёнгидо (Ансан),0,3,2497,34800000,1.322
Kia,Sportage,2022,4,63655,Дизель,Автомат,Пусан,0,2,2999,19100000,1.262
Kia,K5,2020,6,105983,Дизель,Автомат,Кёнгидо (Ансан),0,1,2999,9800000,1.063
Kia,Sportage,2023,3,42278,Дизель,Автомат,Сеул,0,3,2199,19400000,1.262
Chevrolet,Trailblazer,2025,1,15030,Бензин,Автомат,Сеул,0,1,1600,24600000,0.872
Kia,Sorento,2025,1,6903,Бензин,Автомат,Сеул,0,1,1600,31300000,1.026
Hyundai,Sonata,2021,5,103170,Гибрид,Автомат,Пусан,1,2,2199,7600000,0.721
Hyundai,Santa Fe,2017,9,100977,Дизель,Автомат,Кёнгидо (Ансан),0,3,2999,5700000,1.026
Hyundai,Tucson,2016,10,145414,Бензин,Автомат,Сеул,0,2,1998,4800000,0.924
Hyundai,Sonata,2020,6,53452,Гибрид,Автомат,Ульсан,0,1,1998,9300000,0.961
Genesis,G80,2025,1,19305,Бензин,Автомат,Инчхон,0,3,2199,50000000,1.129
Renault Korea,QM6,2024,2,36553,Бензин,Автомат,Кёнгидо (Ансан),0,3,2999,19000000,1.129
Genesis,G80,2026,0,2266,Бензин,Автомат,Пусан,1,1,2199,50200000,0.847
Hyundai,Santa Fe,2021,5,65108,LPG,Автомат,Ульсан,0,1,2199,16200000,1.202
Hyundai,Tucson,2023,3,52913,Бензин,Автомат,Ульсан,0,1,1998,19200000,1.195
Hyundai,Avante,2020,6,89567,Бензин,Механика,Инчхон,0,1,2999,7400000,0.728
Kia,K5,2024,2,29030,Дизель,Автомат,Тэгу,0,2,1998,21400000,1.063
Ssangyong,Torres,2024,2,43839,Бензин,Автомат,Инчхон,0,1,2199,25800000,1.195
Renault Korea,QM6,2021,5,105003,Дизель,Автомат,Инчхон,1,1,1998,8900000,0.847
Hyundai,Tucson,2017,9,113752,Дизель,Автомат,Инчхон,0,3,1600,4800000,0.924
Ssangyong,Torres,2022,4,64583,Бензин,Автомат,Ульсан,0,1,1600,18400000,1.195
Genesis,G80,2020,6,84907,Гибрид,Автомат,Сеул,0,2,1998,20300000,1.322
Kia,Carnival,2016,10,118671,Гибрид,Автомат,Тэгу,0,1,1600,6300000,0.975
Hyundai,Tucson,2016,10,70642,Бензин,Автомат,Кёнгидо (Ансан),1,2,2999,4800000,0.693
Renault Korea,QM6,2022,4,61554,Бензин,Автомат,Сеул,0,3,2497,15600000,1.129
Kia,K5,2025,1,20459,Бензин,Автомат,Сеул,1,1,2497,20700000,0.616
Hyundai,Santa Fe,2026,0,1326,Бензин,Автомат,Инчхон,0,1,2999,40400000,1.026
Kia,Sportage,2019,7,102222,Гибрид,Автомат,Инчхон,0,3,2199,6500000,0.882
Hyundai,Santa Fe,2019,7,76966,Бензин,Автомат,Сеул,0,1,1600,7500000,1.026
Genesis,G80,2019,7,143850,Дизель,Автомат,Ульсан,0,2,2497,8700000,1.129
Renault Korea,QM6,2019,7,99587,Бензин,Автомат,Ульсан,1,3,2199,5300000,0.654
Hyundai,Sonata,2023,3,50362,Дизель,Автомат,Кёнгидо (Ансан),1,2,2497,14300000,0.797
Hyundai,Tucson,2021,5,48577,Бензин,Механика,Пусан,1,2,2199,11800000,0.702
Hyundai,Sonata,2017,9,168360,Бензин,Автомат,Кёнгидо (Ансан),0,1,2199,4000000,0.821
Kia,K5,2026,0,500,Бензин,Автомат,Сеул,0,2,1600,25000000,0.821
Hyundai,Tucson,2020,6,96204,Дизель,Автомат,Пусан,0,2,2999,10500000,1.195
Kia,Sportage,2023,3,41060,Бензин,Автомат,Кёнгидо (Ансан),0,2,2999,21200000,1.262
Kia,Sorento,2025,1,10481,Дизель,Автомат,Кёнгидо (Ансан),0,1,1600,34000000,1.026
Kia,Sportage,2023,3,32531,Дизель,Автомат,Сеул,0,2,1998,21600000,1.262
Ssangyong,Torres,2026,0,500,Бензин,Автомат,Ульсан,0,1,2199,29800000,0.924
Ssangyong,Torres,2026,0,3533,Бензин,Автомат,Тэгу,0,3,2199,29000000,0.924
Chevrolet,Trailblazer,2022,4,42459,Дизель,Автомат,Сеул,0,2,1998,16800000,1.129
Hyundai,Tucson,2019,7,97697,Бензин,Автомат,Тэгу,0,2,2199,6400000,0.924
Renault Korea,QM6,2024,2,27430,Бензин,Автомат,Инчхон,0,2,1600,20800000,1.129
Ssangyong,Torres,2019,7,115644,Бензин,Автомат,Кёнгидо (Ансан),0,3,2199,4500000,0.924
Hyundai,Santa Fe,2025,1,15560,Гибрид,Автомат,Кёнгидо (Ансан),0,1,1998,30400000,0.929
Kia,K5,2026,0,500,Бензин,Механика,Тэгу,0,3,1600,24000000,0.643
Ssangyong,Torres,2017,9,144164,Дизель,Автомат,Инчхон,0,2,2497,4500000,0.924
Hyundai,Sonata,2023,3,25798,Бензин,Автомат,Ульсан,0,3,1998,19700000,1.063
Hyundai,Avante,2024,2,27706,Бензин,Автомат,Инчхон,0,2,2497,14500000,0.93
Hyundai,Tucson,2022,4,50561,Бензин,Автомат,Пусан,0,3,1998,18800000,1.195
Ssangyong,Torres,2019,7,105741,Гибрид,Механика,Ульсан,0,2,2497,8100000,0.654
Kia,Carnival,2016,10,109933,Бензин,Автомат,Сеул,0,3,2497,6300000,1.078
Genesis,G80,2019,7,78616,Гибрид,Автомат,Тэгу,1,3,2497,8200000,0.766
Kia,Sportage,2022,4,67620,Бензин,Автомат,Тэгу,0,1,2497,16100000,1.262
Hyundai,Sonata,2025,1,16763,Бензин,Механика,Тэгу,0,1,2999,25900000,0.643
Kia,K5,2026,0,7488,Бензин,Автомат,Ульсан,0,2,2199,25300000,0.821
Ssangyong,Torres,2019,7,124648,Гибрид,Автомат,Тэгу,0,3,2999,5400000,0.836
Kia,Carnival,2016,10,94552,Бензин,Автомат,Пусан,0,2,1998,6300000,1.078
Kia,K5,2020,6,85264,Бензин,Автомат,Ульсан,0,3,2999,7400000,1.063
Hyundai,Tucson,2026,0,3111,Бензин,Автомат,Тэгу,0,3,2497,31100000,0.924
Kia,K5,2026,0,536,Гибрид,Автомат,Тэгу,1,3,2999,19100000,0.557
Genesis,G80,2022,4,49694,Дизель,Автомат,Тэгу,0,3,2999,30100000,1.461
Kia,K5,2026,0,500,Дизель,Автомат,Тэгу,0,3,2199,21800000,0.821
Hyundai,Tucson,2021,5,99007,Бензин,Автомат,Ульсан,0,1,1998,14400000,1.195
Kia,Carnival,2024,2,48849,Бензин,Автомат,Инчхон,0,1,1998,31500000,1.395
Ssangyong,Torres,2022,4,62043,LPG,Автомат,Сеул,0,2,2199,17500000,1.082
Kia,K5,2022,4,54167,Бензин,Автомат,Ульсан,0,1,1998,14400000,1.063
Kia,Sportage,2025,1,18867,Дизель,Механика,Сеул,0,1,2497,27700000,0.763
Hyundai,Sonata,2018,8,89355,LPG,Автомат,Инчхон,1,3,1998,4000000,0.557
Ssangyong,Torres,2018,8,178389,Бензин,Автомат,Тэгу,0,3,2199,4500000,0.924
Hyundai,Tucson,2024,2,27790,Бензин,Автомат,Ульсан,0,2,2999,23300000,1.195
Kia,K5,2016,10,111208,Бензин,Механика,Пусан,0,3,2497,3900000,0.643
Kia,Carnival,2022,4,41939,Дизель,Автомат,Пусан,1,1,2199,18800000,1.046
Ssangyong,Torres,2018,8,168225,Дизель,Автомат,Кёнгидо (Ансан),0,3,2199,4500000,0.924
Kia,Sorento,2024,2,39456,Бензин,Автомат,Инчхон,0,3,2497,28100000,1.328
Ssangyong,Torres,2023,3,33327,Дизель,Механика,Тэгу,0,3,2999,21600000,0.936
Kia,Sorento,2024,2,22429,Бензин,Автомат,Кёнгидо (Ансан),1,3,1600,25800000,0.996
Kia,Sorento,2021,5,78297,Дизель,Автомат,Сеул,0,1,1600,15000000,1.328
Kia,Carnival,2023,3,40085,Дизель,Автомат,Инчхон,0,1,2999,27300000,1.395
Hyundai,Avante,2023,3,43720,Дизель,Автомат,Пусан,1,2,1600,10100000,0.697
Hyundai,Santa Fe,2022,4,42153,LPG,Автомат,Ульсан,0,2,1600,20800000,1.202
Hyundai,Tucson,2016,10,131359,Гибрид,Автомат,Тэгу,0,3,2497,4800000,0.836
Kia,Sorento,2024,2,28012,Дизель,Автомат,Тэгу,0,1,2999,32500000,1.328
Hyundai,Sonata,2018,8,87106,Гибрид,Автомат,Инчхон,0,3,2199,4000000,0.743
Kia,Sorento,2019,7,117955,LPG,Автомат,Сеул,1,1,2999,6900000,0.696
Kia,Carnival,2023,3,48968,Бензин,Автомат,Пусан,0,2,1600,29300000,1.395
Hyundai,Sonata,2026,0,500,Бензин,Автомат,Кёнгидо (Ансан),0,3,1998,27900000,0.821
Ssangyong,Torres,2017,9,133098,Дизель,Автомат,Тэгу,0,1,2497,4500000,0.924
Hyundai,Santa Fe,2016,10,162673,Бензин,Автомат,Ульсан,0,1,1998,5700000,1.026
Hyundai,Avante,2020,6,77880,Гибрид,Автомат,Ульсан,0,3,2497,5800000,0.841
Chevrolet,Trailblazer,2022,4,48597,Бензин,Автомат,Инчхон,0,2,1600,14500000,1.129
Kia,Sportage,2017,9,140847,Бензин,Автомат,Ульсан,0,2,1998,4600000,0.975
Hyundai,Santa Fe,2016,10,161269,Бензин,Автомат,Сеул,0,3,1998,5700000,1.026
Kia,Carnival,2016,10,148182,Дизель,Автомат,Кёнгидо (Ансан),1,1,1600,6300000,0.808
Genesis,G80,2021,5,72548,Бензин,Автомат,Пусан,0,3,1600,23300000,1.461
Kia,Sorento,2026,0,500,Гибрид,Автомат,Инчхон,1,2,1600,32900000,0.696
Kia,Sorento,2016,10,121901,Гибрид,Автомат,Сеул,0,3,2497,5600000,0.929
Hyundai,Santa Fe,2022,4,66744,Гибрид,Автомат,Кёнгидо (Ансан),0,1,2497,20700000,1.202
Kia,Sorento,2024,2,29403,Бензин,Автомат,Ульсан,1,3,2199,22400000,0.996
Kia,Sportage,2016,10,150341,Дизель,Автомат,Пусан,0,1,2999,4600000,0.975
Chevrolet,Trailblazer,2018,8,141010,Дизель,Автомат,Кёнгидо (Ансан),0,3,1600,4200000,0.872
Ssangyong,Torres,2021,5,71936,Дизель,Автомат,Инчхон,1,2,1600,7300000,0.897
Kia,K5,2019,7,84313,Бензин,Автомат,Ульсан,0,1,1600,7500000,0.821
Hyundai,Sonata,2017,9,125873,Дизель,Автомат,Тэгу,0,2,2199,4000000,0.821
Hyundai,Avante,2022,4,62221,Дизель,Автомат,Пусан,0,3,1998,9600000,0.93
Kia,Carnival,2020,6,112654,Бензин,Автомат,Ульсан,1,1,2199,12400000,1.046
Chevrolet,Trailblazer,2021,5,73656,Дизель,Автомат,Кёнгидо (Ансан),1,2,2199,9400000,0.847
Kia,K5,2022,4,52863,Бензин,Автомат,Инчхон,0,1,2999,13600000,1.063
Hyundai,Tucson,2017,9,118401,Дизель,Автомат,Кёнгидо (Ансан),0,1,2199,4800000,0.924
Genesis,G80,2020,6,75551,Дизель,Автомат,Тэгу,0,3,2199,20200000,1.461
Chevrolet,Trailblazer,2021,5,110949,Бензин,Автомат,Ульсан,0,1,1600,10800000,1.129
Kia,Sorento,2020,6,86670,Бензин,Автомат,Тэгу,0,1,1998,15100000,1.328
Kia,Carnival,2021,5,43373,Бензин,Механика,Пусан,0,2,1998,17400000,1.091
Renault Korea,QM6,2024,2,37249,Гибрид,Автомат,Сеул,0,2,1998,20700000,1.021
Kia,K5,2023,3,36294,Гибрид,Автомат,Сеул,0,1,1600,17500000,0.961
Hyundai,Avante,2025,1,17625,Гибрид,Автомат,Ульсан,0,1,1600,17000000,0.65
Genesis,G80,2026,0,500,Бензин,Автомат,Кёнгидо (Ансан),0,2,1600,51700000,1.129
Hyundai,Santa Fe,2026,0,500,Гибрид,Автомат,Кёнгидо (Ансан),1,2,1998,35700000,0.696
Hyundai,Tucson,2016,10,109440,Дизель,Автомат,Сеул,0,3,1600,4800000,0.924
Hyundai,Tucson,2026,0,500,Бензин,Автомат,Тэгу,0,2,2497,30000000,0.924
Hyundai,Avante,2018,8,146337,Бензин,Автомат,Инчхон,1,3,2999,3000000,0.539
Hyundai,Tucson,2016,10,191957,Бензин,Автомат,Ульсан,1,2,2199,4800000,0.693
Hyundai,Tucson,2023,3,37250,Бензин,Автомат,Кёнгидо (Ансан),0,2,2999,21700000,1.195
Genesis,G80,2016,10,175787,Гибрид,Автомат,Сеул,0,2,2199,8200000,1.021
Genesis,G80,2016,10,145930,Гибрид,Автомат,Кёнгидо (Ансан),0,2,2199,8200000,1.021
Renault Korea,QM6,2023,3,42445,LPG,Автомат,Кёнгидо (Ансан),1,2,2999,14200000,0.766
Chevrolet,Trailblazer,2026,0,500,Дизель,Автомат,Кёнгидо (Ансан),0,2,1600,25000000,0.872
Kia,Sorento,2023,3,35168,Бензин,Автомат,Пусан,0,1,2199,26200000,1.328
Chevrolet,Trailblazer,2021,5,75504,Бензин,Автомат,Сеул,0,2,2497,12700000,1.129
Kia,Sorento,2026,0,500,Бензин,Автомат,Пусан,1,1,1600,32600000,0.77
Ssangyong,Torres,2025,1,10513,Бензин,Автомат,Ульсан,0,2,2497,27400000,0.924
Hyundai,Sonata,2026,0,2739,Дизель,Автомат,Кёнгидо (Ансан),1,2,2999,23000000,0.616
Ssangyong,Torres,2019,7,111253,Гибрид,Автомат,Инчхон,1,3,2999,4900000,0.627
Kia,Sorento,2023,3,48539,Гибрид,Автомат,Кёнгидо (Ансан),0,2,2497,24200000,1.202
Hyundai,Avante,2016,10,180865,Бензин,Автомат,Тэгу,0,3,2999,3000000,0.718
Kia,Sorento,2021,5,75095,Дизель,Автомат,Тэгу,0,3,2999,16000000,1.328
Renault Korea,QM6,2024,2,35080,Бензин,Автомат,Ульсан,0,2,1600,19300000,1.129
Hyundai,Sonata,2016,10,128073,Дизель,Автомат,Инчхон,0,2,2497,4000000,0.821
Chevrolet,Trailblazer,2025,1,12660,Бензин,Автомат,Пусан,0,1,1998,24400000,0.872
Kia,Carnival,2020,6,107107,LPG,Автомат,Пусан,1,2,1600,7900000,0.946
Kia,Sorento,2019,7,119472,Дизель,Автомат,Инчхон,0,1,1998,8300000,1.026
Genesis,G80,2019,7,89028,Бензин,Автомат,Сеул,0,2,1998,9400000,1.129
Hyundai,Sonata,2020,6,108815,Гибрид,Автомат,Инчхон,1,1,1600,7700000,0.721
Genesis,G80,2017,9,216890,Бензин,Автомат,Кёнгидо (Ансан),0,3,2497,8200000,1.129
Ssangyong,Torres,2026,0,500,Дизель,Автомат,Сеул,1,3,1600,27700000,0.693
Hyundai,Avante,2026,0,500,Бензин,Автомат,Сеул,0,1,2199,19700000,0.718
Ssangyong,Torres,2022,4,62104,Бензин,Механика,Ульсан,0,1,2497,15700000,0.936
Kia,Carnival,2023,3,61240,Дизель,Автомат,Инчхон,1,1,1600,21700000,1.046
Chevrolet,Trailblazer,2016,10,149433,Гибрид,Автомат,Пусан,0,2,2999,4200000,0.789
Chevrolet,Trailblazer,2023,3,40969,Дизель,Автомат,Инчхон,0,3,1600,17600000,1.129
Hyundai,Santa Fe,2024,2,28540,Дизель,Автомат,Тэгу,0,2,1998,29600000,1.328
Kia,K5,2026,0,894,Дизель,Автомат,Кёнгидо (Ансан),1,1,1600,24800000,0.616
Kia,Sorento,2024,2,27546,Бензин,Автомат,Инчхон,0,3,2199,25700000,1.328
Hyundai,Santa Fe,2018,8,93854,Бензин,Автомат,Сеул,0,1,2497,8600000,1.026
Kia,Sportage,2017,9,149778,Гибрид,Автомат,Кёнгидо (Ансан),0,3,2497,4600000,0.882
Hyundai,Sonata,2021,5,80752,Бензин,Автомат,Ульсан,0,1,1998,10300000,1.063
Kia,Carnival,2016,10,113750,Бензин,Автомат,Тэгу,0,3,2199,6300000,1.078
Kia,K5,2023,3,37542,Бензин,Автомат,Ульсан,0,2,2497,17000000,1.063
Kia,Carnival,2024,2,33466,Бензин,Автомат,Тэгу,0,2,2999,29400000,1.395
Genesis,G80,2019,7,109847,Бензин,Автомат,Кёнгидо (Ансан),0,1,2199,14200000,1.129
Hyundai,Tucson,2022,4,44394,Гибрид,Автомат,Тэгу,1,3,1998,14100000,0.811
Kia,K5,2016,10,176422,Дизель,Автомат,Ульсан,0,3,2497,3900000,0.821
Hyundai,Sonata,2021,5,78358,Бензин,Автомат,Кёнгидо (Ансан),0,2,1998,10600000,1.063
Renault Korea,QM6,2022,4,56447,Бензин,Автомат,Кёнгидо (Ансан),1,2,2999,9500000,0.847
Kia,Carnival,2020,6,88006,Гибрид,Автомат,Пусан,0,2,1600,17900000,1.262
Kia,Sportage,2022,4,74480,Дизель,Автомат,Сеул,1,3,1600,8600000,0.946
Hyundai,Sonata,2019,7,98853,Гибрид,Автомат,Кёнгидо (Ансан),0,2,2497,5700000,0.743
Hyundai,Avante,2018,8,93380,Бензин,Автомат,Ульсан,0,3,2199,3000000,0.718
Hyundai,Tucson,2023,3,50169,Дизель,Автомат,Ульсан,1,2,1600,19400000,0.897
Chevrolet,Trailblazer,2023,3,46234,Бензин,Автомат,Пусан,0,2,1998,20600000,1.129
Renault Korea,QM6,2024,2,30324,Бензин,Автомат,Инчхон,0,2,2199,22500000,1.129
Ssangyong,Torres,2020,6,111950,Бензин,Автомат,Инчхон,0,1,1998,9800000,1.195
Kia,K5,2016,10,196838,LPG,Автомат,Инчхон,0,2,1600,3900000,0.743
Hyundai,Tucson,2018,8,123220,Гибрид,Автомат,Пусан,0,2,1998,4800000,0.836
Kia,Sorento,2020,6,77451,Гибрид,Автомат,Пусан,1,3,1600,11000000,0.901
Kia,K5,2016,10,148364,Бензин,Автомат,Инчхон,0,3,1998,3900000,0.821
Hyundai,Avante,2016,10,129129,Дизель,Автомат,Инчхон,0,1,2497,3000000,0.718
Ssangyong,Torres,2016,10,172213,Гибрид,Автомат,Инчхон,0,3,2497,4500000,0.836
Hyundai,Santa Fe,2024,2,19711,Дизель,Автомат,Сеул,1,1,1998,25300000,0.996
Kia,K5,2026,0,500,Гибрид,Автомат,Ульсан,0,3,1600,24800000,0.743
Hyundai,Santa Fe,2025,1,18156,Дизель,Автомат,Пусан,0,3,2497,33700000,1.026
Chevrolet,Trailblazer,2018,8,106495,LPG,Механика,Тэгу,0,2,2497,4200000,0.618
Hyundai,Avante,2016,10,123704,Бензин,Автомат,Ульсан,1,3,2497,3000000,0.539
Hyundai,Avante,2025,1,20565,Бензин,Автомат,Пусан,0,3,1998,17900000,0.718
Genesis,G80,2026,0,500,Дизель,Автомат,Ульсан,0,1,2999,58700000,1.129
Genesis,G80,2018,8,81413,Дизель,Автомат,Тэгу,1,3,2999,8200000,0.847
Renault Korea,QM6,2024,2,29358,Гибрид,Автомат,Тэгу,0,2,1600,21600000,1.021
Kia,K5,2018,8,155317,Гибрид,Автомат,Инчхон,0,1,2497,3900000,0.743
Hyundai,Avante,2019,7,85663,Бензин,Автомат,Кёнгидо (Ансан),0,1,1998,4400000,0.718
Genesis,G80,2023,3,44581,Бензин,Автомат,Пусан,1,3,2999,26700000,1.096
Hyundai,Santa Fe,2019,7,68532,Бензин,Автомат,Кёнгидо (Ансан),0,2,1998,8100000,1.026
Kia,K5,2020,6,63836,Дизель,Автомат,Кёнгидо (Ансан),0,1,2497,7900000,1.063
Kia,Sorento,2022,4,64999,Дизель,Автомат,Ульсан,0,1,1998,18700000,1.328
Kia,Sportage,2020,6,96004,Бензин,Автомат,Пусан,0,1,2199,8500000,1.262
Ssangyong,Torres,2018,8,122705,Дизель,Автомат,Тэгу,1,3,1998,4500000,0.693
Hyundai,Sonata,2016,10,149409,Бензин,Автомат,Тэгу,1,2,2999,4000000,0.616
Hyundai,Sonata,2023,3,31238,LPG,Автомат,Инчхон,1,2,2199,14900000,0.721
Hyundai,Sonata,2024,2,30407,Гибрид,Автомат,Сеул,0,2,2497,20900000,0.961
Genesis,G80,2023,3,37605,Гибрид,Автомат,Сеул,0,2,1998,39600000,1.322
Hyundai,Santa Fe,2016,10,129249,Бензин,Механика,Сеул,1,2,2497,5700000,0.602
Kia,K5,2019,7,73375,Дизель,Автомат,Сеул,0,2,2497,6400000,0.821
Kia,Sportage,2018,8,142040,Гибрид,Автомат,Сеул,0,3,2999,4600000,0.882
Chevrolet,Trailblazer,2020,6,84646,Гибрид,Автомат,Инчхон,0,3,1998,8400000,1.021
Hyundai,Sonata,2017,9,124426,Гибрид,Автомат,Пусан,0,3,1600,4000000,0.743
Kia,Sportage,2019,7,118152,Бензин,Механика,Пусан,0,3,1998,6300000,0.763
Kia,K5,2026,0,500,Дизель,Автомат,Пусан,0,1,1998,25800000,0.821
Hyundai,Tucson,2017,9,150956,Дизель,Автомат,Пусан,0,2,2999,4800000,0.924
Hyundai,Sonata,2018,8,164286,Бензин,Автомат,Сеул,0,1,1998,4000000,0.821
Ssangyong,Torres,2018,8,98646,Дизель,Автомат,Кёнгидо (Ансан),1,2,2199,4500000,0.693
Genesis,G80,2017,9,105001,Бензин,Автомат,Тэгу,0,2,2199,8200000,1.129
Chevrolet,Trailblazer,2019,7,109939,Гибрид,Автомат,Пусан,1,2,1998,5800000,0.592
Kia,K5,2026,0,500,Дизель,Автомат,Сеул,1,2,1998,22200000,0.616
Renault Korea,QM6,2019,7,112704,Гибрид,Автомат,Инчхон,0,1,2999,6600000,0.789
Kia,Carnival,2017,9,118856,LPG,Автомат,Пусан,0,3,1998,6300000,0.975
Hyundai,Avante,2025,1,17671,Бензин,Автомат,Ульсан,0,2,1998,18100000,0.718
Genesis,G80,2025,1,17096,Бензин,Автомат,Пусан,0,2,2999,48000000,1.129
Hyundai,Avante,2021,5,76193,Бензин,Автомат,Пусан,0,1,1600,9800000,0.93
Kia,K5,2024,2,27252,Бензин,Автомат,Сеул,0,2,2199,20900000,1.063
Ssangyong,Torres,2016,10,166531,Бензин,Автомат,Пусан,0,2,2999,4500000,0.924
Kia,Sorento,2023,3,36498,Дизель,Автомат,Ульсан,0,1,2999,23300000,1.328
Kia,Sorento,2024,2,32338,Гибрид,Автомат,Тэгу,0,3,1600,31500000,1.202
Hyundai,Santa Fe,2022,4,59451,Бензин,Автомат,Инчхон,1,3,2199,17500000,0.996
Hyundai,Santa Fe,2018,8,77493,Бензин,Автомат,Инчхон,0,1,1998,7400000,1.026
Kia,K5,2025,1,15944,Бензин,Автомат,Кёнгидо (Ансан),0,2,1600,22700000,0.821
Genesis,G80,2026,0,500,Дизель,Автомат,Кёнгидо (Ансан),0,3,2999,54500000,1.129
Genesis,G80,2017,9,110186,Бензин,Автомат,Ульсан,0,2,1998,8200000,1.129
Chevrolet,Trailblazer,2021,5,87128,Дизель,Автомат,Тэгу,0,2,2497,13300000,1.129
Genesis,G80,2018,8,117539,Дизель,Автомат,Ульсан,1,1,2999,8200000,0.847
Kia,Sorento,2025,1,17853,Дизель,Автомат,Тэгу,0,1,2999,35000000,1.026
Kia,Sportage,2025,1,10803,LPG,Автомат,Пусан,0,1,2497,28300000,0.882
Hyundai,Avante,2017,9,100235,Бензин,Механика,Сеул,0,1,1600,3000000,0.562
Hyundai,Sonata,2017,9,136849,Бензин,Автомат,Тэгу,0,2,2199,4000000,0.821
Hyundai,Avante,2022,4,57603,Бензин,Автомат,Кёнгидо (Ансан),0,3,2497,10500000,0.93
Hyundai,Tucson,2016,10,124135,LPG,Механика,Тэгу,0,2,2999,4800000,0.654
Hyundai,Tucson,2022,4,55527,Дизель,Автомат,Пусан,0,3,2199,15200000,1.195
Renault Korea,QM6,2019,7,88239,Бензин,Автомат,Пусан,0,1,2497,5100000,0.872
Kia,Sportage,2025,1,18296,Гибрид,Автомат,Тэгу,0,3,2497,26100000,0.882
Chevrolet,Trailblazer,2024,2,31511,Бензин,Автомат,Сеул,1,3,1998,19200000,0.847
Renault Korea,QM6,2017,9,95359,Дизель,Автомат,Ульсан,0,2,2199,3900000,0.872
Kia,Carnival,2026,0,500,Гибрид,Автомат,Тэгу,0,2,2199,41100000,0.975
Hyundai,Santa Fe,2026,0,500,Дизель,Автомат,Пусан,1,1,1600,35600000,0.77
Genesis,G80,2021,5,65077,Бензин,Автомат,Сеул,0,2,2999,25700000,1.461
Genesis,G80,2024,2,32823,Бензин,Автомат,Ульсан,0,2,1998,41500000,1.461
Kia,Carnival,2019,7,92836,Дизель,Автомат,Пусан,0,1,1600,8400000,1.078
Hyundai,Avante,2018,8,153910,Бензин,Автомат,Ульсан,0,1,2199,3000000,0.718
Renault Korea,QM6,2017,9,105646,Бензин,Автомат,Сеул,0,1,2497,3900000,0.872
Ssangyong,Torres,2019,7,95524,Бензин,Автомат,Кёнгидо (Ансан),1,1,2497,4500000,0.693
Kia,Sorento,2020,6,43280,Бензин,Автомат,Сеул,0,2,1998,14300000,1.328
Genesis,G80,2016,10,134969,Бензин,Автомат,Ульсан,0,1,2497,8200000,1.129
Hyundai,Tucson,2023,3,44854,Дизель,Автомат,Пусан,0,3,2497,20900000,1.195
Hyundai,Santa Fe,2022,4,60977,Бензин,Автомат,Сеул,1,2,1600,14400000,0.996
Ssangyong,Torres,2019,7,140969,Бензин,Автомат,Ульсан,0,3,1600,5400000,0.924
Genesis,G80,2022,4,69029,Бензин,Механика,Сеул,0,3,1600,27700000,1.143
Kia,Sportage,2024,2,34658,Дизель,Автомат,Ульсан,0,1,2999,25300000,1.262
Kia,K5,2016,10,141286,Дизель,Автомат,Пусан,0,3,2999,3900000,0.821
Kia,Sportage,2019,7,130427,Бензин,Автомат,Кёнгидо (Ансан),0,2,2999,5000000,0.975
Hyundai,Tucson,2016,10,179248,Гибрид,Автомат,Инчхон,0,3,2199,4800000,0.836
Ssangyong,Torres,2025,1,15134,Бензин,Автомат,Тэгу,0,1,1998,26100000,0.924
Hyundai,Santa Fe,2019,7,147897,Гибрид,Автомат,Тэгу,0,1,2497,9700000,0.929
Kia,Sorento,2017,9,108147,Гибрид,Автомат,Сеул,0,3,2497,5600000,0.929
Hyundai,Santa Fe,2024,2,40137,Бензин,Автомат,Инчхон,0,3,2999,29800000,1.328
Kia,K5,2016,10,191639,Гибрид,Автомат,Тэгу,1,1,1998,3900000,0.557
Kia,Sportage,2017,9,144115,Дизель,Автомат,Пусан,1,2,2497,4600000,0.731
Ssangyong,Torres,2019,7,119124,Дизель,Автомат,Инчхон,0,1,2199,5100000,0.924
Hyundai,Santa Fe,2021,5,73048,Бензин,Автомат,Сеул,0,3,1600,17900000,1.328
Genesis,G80,2024,2,43505,Бензин,Автомат,Кёнгидо (Ансан),0,1,2999,47700000,1.461
Hyundai,Santa Fe,2025,1,12227,Бензин,Автомат,Сеул,0,3,1998,28700000,1.026
Kia,Sorento,2019,7,96077,Бензин,Автомат,Инчхон,1,3,2999,5600000,0.77
Kia,Sportage,2026,0,500,Бензин,Механика,Инчхон,1,3,2199,26500000,0.572
Genesis,G80,2020,6,81098,Бензин,Автомат,Кёнгидо (Ансан),0,2,2199,11700000,1.461
Kia,Sorento,2025,1,14655,Бензин,Автомат,Тэгу,0,3,2999,34500000,1.026
Kia,Sportage,2018,8,118005,Бензин,Автомат,Кёнгидо (Ансан),1,3,2999,4600000,0.731
Ssangyong,Torres,2023,3,54876,Бензин,Автомат,Ульсан,0,3,2497,18300000,1.195
Chevrolet,Trailblazer,2018,8,132973,Бензин,Автомат,Пусан,0,1,2497,4300000,0.872
Kia,K5,2026,0,9629,Дизель,Автомат,Ульсан,0,2,1600,24900000,0.821
Chevrolet,Trailblazer,2017,9,163682,Дизель,Автомат,Тэгу,0,2,2199,4200000,0.872
Hyundai,Sonata,2017,9,122457,Дизель,Автомат,Кёнгидо (Ансан),1,3,1998,4000000,0.616
Hyundai,Tucson,2019,7,118202,Бензин,Автомат,Пусан,1,2,2999,5000000,0.693
Hyundai,Sonata,2021,5,86619,Дизель,Автомат,Инчхон,0,1,1600,11700000,1.063
Ssangyong,Torres,2021,5,101535,Дизель,Автомат,Кёнгидо (Ансан),1,3,1998,9600000,0.897
Chevrolet,Trailblazer,2021,5,46003,Бензин,Автомат,Тэгу,0,1,1600,11500000,1.129
Hyundai,Avante,2022,4,51751,Бензин,Автомат,Ульсан,0,2,1600,11400000,0.93
Kia,Sorento,2021,5,85507,Дизель,Автомат,Кёнгидо (Ансан),0,1,1600,15400000,1.328
Kia,Carnival,2018,8,96920,Бензин,Автомат,Пусан,1,2,1998,6300000,0.808
Hyundai,Avante,2017,9,106713,Гибрид,Автомат,Тэгу,0,2,1998,3000000,0.65
Genesis,G80,2020,6,99059,Бензин,Автомат,Пусан,0,1,2497,19800000,1.461
Renault Korea,QM6,2018,8,125263,Бензин,Автомат,Сеул,0,3,2999,4400000,0.872
Hyundai,Sonata,2025,1,10871,Дизель,Автомат,Инчхон,0,3,2199,26400000,0.821
Renault Korea,QM6,2026,0,4763,Дизель,Автомат,Инчхон,0,3,1998,24100000,0.872
Kia,K5,2024,2,25187,Дизель,Автомат,Пусан,0,3,2199,19100000,1.063
Kia,Carnival,2023,3,68420,LPG,Автомат,Тэгу,0,2,2199,26500000,1.262
Genesis,G80,2021,5,65446,Дизель,Автомат,Сеул,0,1,2199,20800000,1.461
Genesis,G80,2024,2,26614,Гибрид,Автомат,Ульсан,0,1,1998,40800000,1.322
Kia,K5,2021,5,58140,Бензин,Автомат,Тэгу,0,1,1998,11700000,1.063
Kia,Carnival,2018,8,136535,Бензин,Автомат,Сеул,0,1,1998,6300000,1.078
Renault Korea,QM6,2024,2,50717,Бензин,Автомат,Сеул,0,2,1998,19800000,1.129
Chevrolet,Trailblazer,2026,0,500,Дизель,Автомат,Пусан,0,1,2999,27900000,0.872
Renault Korea,QM6,2020,6,89007,Дизель,Механика,Тэгу,1,2,1998,3900000,0.663
Genesis,G80,2026,0,500,Бензин,Механика,Кёнгидо (Ансан),0,1,2497,57100000,0.884
Kia,Carnival,2017,9,117274,Дизель,Автомат,Пусан,0,1,2199,6300000,1.078
Kia,K5,2016,10,142811,Бензин,Автомат,Ульсан,0,3,2999,3900000,0.821
Hyundai,Tucson,2025,1,8510,Бензин,Автомат,Пусан,0,2,2999,24200000,0.924
Kia,Sorento,2017,9,78739,Бензин,Механика,Ульсан,0,3,2199,5600000,0.803
Kia,K5,2017,9,137295,Гибрид,Автомат,Тэгу,0,1,1600,3900000,0.743
Hyundai,Avante,2019,7,97898,Дизель,Автомат,Пусан,0,1,2999,5000000,0.718
Kia,Carnival,2023,3,42205,Дизель,Автомат,Сеул,0,3,1600,25700000,1.395
Kia,Sorento,2025,1,4737,Бензин,Автомат,Пусан,1,3,1998,27500000,0.77
Ssangyong,Torres,2016,10,177912,Гибрид,Автомат,Сеул,0,1,2199,4500000,0.836
Kia,K5,2021,5,80220,Дизель,Автомат,Тэгу,1,1,2199,5800000,0.797
Kia,K5,2019,7,87408,Бензин,Автомат,Ульсан,0,1,1600,7100000,0.821
Hyundai,Tucson,2025,1,11645,Дизель,Автомат,Сеул,0,3,1600,26600000,0.924
Kia,Sportage,2018,8,164952,Дизель,Автомат,Ульсан,0,3,2999,4600000,0.975
Hyundai,Sonata,2025,1,17315,Гибрид,Автомат,Пусан,0,2,1998,22300000,0.743
Hyundai,Sonata,2023,3,38971,Бензин,Механика,Сеул,0,2,1998,15700000,0.832
Kia,K5,2026,0,5227,LPG,Автомат,Тэгу,0,3,1998,24800000,0.743
Renault Korea,QM6,2020,6,117744,Бензин,Автомат,Сеул,0,1,1600,9100000,1.129
Ssangyong,Torres,2026,0,500,Бензин,Автомат,Сеул,0,2,2199,29800000,0.924
Genesis,G80,2017,9,115783,Бензин,Автомат,Кёнгидо (Ансан),0,1,2999,8200000,1.129
Kia,Sorento,2018,8,112062,Дизель,Автомат,Пусан,1,2,2199,5600000,0.77
Chevrolet,Trailblazer,2019,7,118565,Дизель,Механика,Сеул,0,1,1998,8900000,0.683
Hyundai,Avante,2024,2,34460,Бензин,Автомат,Тэгу,0,3,1600,14500000,0.93
Hyundai,Tucson,2023,3,51113,Бензин,Автомат,Пусан,0,3,2999,20100000,1.195
Kia,Sportage,2017,9,130850,Гибрид,Автомат,Тэгу,0,1,2497,4600000,0.882
Kia,Sorento,2018,8,119764,Дизель,Автомат,Инчхон,0,1,2199,5600000,1.026
Kia,Sportage,2026,0,500,Дизель,Автомат,Кёнгидо (Ансан),0,3,2199,31000000,0.975
Hyundai,Santa Fe,2022,4,56648,Бензин,Автомат,Инчхон,0,2,1998,20200000,1.328
Kia,Carnival,2024,2,25276,Бензин,Автомат,Инчхон,0,2,1600,33500000,1.395
Hyundai,Avante,2021,5,74819,Бензин,Автомат,Пусан,0,1,1600,10000000,0.93
Kia,Sorento,2022,4,62709,LPG,Автомат,Инчхон,0,1,2199,19900000,1.202
Kia,Sportage,2019,7,68974,Бензин,Автомат,Пусан,0,3,2199,7300000,0.975
Genesis,G80,2019,7,131950,Бензин,Автомат,Кёнгидо (Ансан),1,2,2199,9600000,0.847
Renault Korea,QM6,2016,10,109682,Гибрид,Автомат,Пусан,0,1,1600,3900000,0.789
Chevrolet,Trailblazer,2025,1,26087,Дизель,Автомат,Кёнгидо (Ансан),0,2,1600,23800000,0.872
Hyundai,Santa Fe,2019,7,116141,Гибрид,Автомат,Сеул,1,3,1600,5700000,0.696
Kia,Sportage,2023,3,48090,Бензин,Автомат,Ульсан,0,1,2999,24200000,1.262
Kia,Carnival,2024,2,30607,Гибрид,Автомат,Тэгу,0,1,1600,31600000,1.262
Kia,K5,2019,7,92546,Гибрид,Автомат,Кёнгидо (Ансан),0,1,2999,5200000,0.743
Kia,K5,2016,10,166354,Бензин,Автомат,Тэгу,1,1,1998,3900000,0.616
Hyundai,Avante,2022,4,34271,Бензин,Автомат,Пусан,0,2,1600,10400000,0.93
Hyundai,Santa Fe,2024,2,36505,Дизель,Автомат,Тэгу,0,1,2999,30300000,1.328
Genesis,G80,2018,8,101821,Бензин,Автомат,Инчхон,0,2,1600,8200000,1.129
Hyundai,Tucson,2024,2,35688,Гибрид,Автомат,Пусан,0,2,2199,26400000,1.082
Hyundai,Santa Fe,2023,3,62672,Бензин,Механика,Пусан,0,1,1600,24500000,1.04
Kia,Sportage,2017,9,188490,Бензин,Автомат,Тэгу,0,2,2497,4600000,0.975
Kia,Sorento,2023,3,48727,Дизель,Автомат,Тэгу,1,3,2199,21500000,0.996
Chevrolet,Trailblazer,2021,5,27976,Бензин,Автомат,Кёнгидо (Ансан),0,3,1600,9100000,1.129
Hyundai,Sonata,2019,7,127939,Бензин,Автомат,Кёнгидо (Ансан),1,2,1998,4000000,0.616
Hyundai,Sonata,2026,0,500,Бензин,Автомат,Сеул,1,2,1998,25400000,0.616
Chevrolet,Trailblazer,2023,3,21431,Бензин,Автомат,Инчхон,1,1,1998,13400000,0.847
Kia,Carnival,2017,9,85679,Дизель,Автомат,Сеул,0,3,1600,6300000,1.078
Hyundai,Santa Fe,2023,3,30217,Бензин,Механика,Сеул,0,3,2497,21800000,1.04
Hyundai,Tucson,2022,4,60595,Дизель,Механика,Инчхон,1,1,2199,17400000,0.702
Kia,Carnival,2016,10,142539,Бензин,Автомат,Пусан,1,2,2199,6300000,0.808
Hyundai,Avante,2024,2,28813,Дизель,Автомат,Пусан,0,2,1600,14700000,0.93
Kia,K5,2019,7,114063,Дизель,Автомат,Тэгу,0,1,2199,6600000,0.821
Kia,Carnival,2017,9,130260,LPG,Автомат,Ульсан,1,3,2999,6300000,0.731
Hyundai,Sonata,2016,10,92047,Бензин,Автомат,Тэгу,1,1,2199,4000000,0.616
Hyundai,Tucson,2023,3,45587,Бензин,Автомат,Кёнгидо (Ансан),0,2,1600,21900000,1.195
Genesis,G80,2025,1,14456,Бензин,Автомат,Пусан,0,3,1998,54900000,1.129
Hyundai,Sonata,2016,10,153181,Бензин,Автомат,Сеул,0,1,2999,4000000,0.821
Genesis,G80,2019,7,71483,Бензин,Автомат,Кёнгидо (Ансан),0,2,1998,13900000,1.129
Kia,Sorento,2025,1,18839,Дизель,Автомат,Сеул,1,3,2999,27000000,0.77
Kia,Sportage,2021,5,86003,Бензин,Автомат,Тэгу,0,3,2199,9700000,1.262
Genesis,G80,2023,3,53717,Бензин,Автомат,Пусан,0,3,1998,36900000,1.461
Genesis,G80,2025,1,5599,Бензин,Автомат,Кёнгидо (Ансан),0,1,2999,48200000,1.129
Kia,Carnival,2024,2,41261,Дизель,Автомат,Кёнгидо (Ансан),0,3,1998,30100000,1.395
Ssangyong,Torres,2026,0,500,Дизель,Автомат,Пусан,0,1,1600,31100000,0.924
Genesis,G80,2017,9,139126,Дизель,Автомат,Тэгу,0,1,1998,8200000,1.129
Genesis,G80,2023,3,50182,Бензин,Автомат,Ульсан,0,1,1998,38900000,1.461
Hyundai,Sonata,2016,10,145804,Гибрид,Автомат,Сеул,1,3,2999,4000000,0.557
Hyundai,Santa Fe,2017,9,146250,Гибрид,Автомат,Сеул,0,3,1600,5700000,0.929
Hyundai,Sonata,2024,2,41656,Дизель,Автомат,Инчхон,0,1,1998,22700000,1.063
Hyundai,Santa Fe,2021,5,91129,Дизель,Автомат,Тэгу,1,2,2497,10800000,0.996
Hyundai,Sonata,2023,3,48917,Гибрид,Автомат,Кёнгидо (Ансан),0,3,1600,17900000,0.961
Hyundai,Avante,2020,6,51886,Дизель,Автомат,Кёнгидо (Ансан),0,3,1600,6300000,0.93
Kia,K5,2026,0,500,LPG,Автомат,Сеул,1,2,1998,21500000,0.557
Ssangyong,Torres,2018,8,120895,Дизель,Автомат,Пусан,0,1,1998,4500000,0.924
Hyundai,Sonata,2026,0,500,Бензин,Механика,Ульсан,0,3,2999,25900000,0.643
Kia,Sorento,2016,10,151215,Бензин,Автомат,Кёнгидо (Ансан),0,2,2497,5600000,1.026
Kia,Sportage,2024,2,29006,Дизель,Автомат,Пусан,0,1,2497,23600000,1.262
Ssangyong,Torres,2024,2,28245,Бензин,Автомат,Кёнгидо (Ансан),0,2,1600,24100000,1.195
Renault Korea,QM6,2026,0,1746,Дизель,Автомат,Инчхон,0,2,1600,25900000,0.872
Ssangyong,Torres,2018,8,120201,Дизель,Автомат,Тэгу,0,1,2199,4700000,0.924
Genesis,G80,2019,7,131804,Бензин,Автомат,Пусан,1,2,2999,8200000,0.847
Hyundai,Tucson,2024,2,22336,Бензин,Автомат,Тэгу,0,1,2497,26700000,1.195
Kia,K5,2019,7,98804,Бензин,Автомат,Сеул,0,2,1998,4000000,0.821
Kia,Carnival,2018,8,136462,Бензин,Автомат,Пусан,0,1,2497,6300000,1.078
Hyundai,Avante,2021,5,85709,Бензин,Механика,Ульсан,0,3,2199,10100000,0.728
Hyundai,Sonata,2026,0,6563,Гибрид,Автомат,Инчхон,0,1,2199,26300000,0.743
Chevrolet,Trailblazer,2018,8,77747,Бензин,Автомат,Пусан,0,2,2999,4200000,0.872
Genesis,G80,2024,2,15897,Гибрид,Автомат,Инчхон,0,2,2199,42600000,1.322
Kia,Sorento,2025,1,19582,Дизель,Автомат,Ульсан,0,1,1600,33000000,1.026
Renault Korea,QM6,2024,2,24458,Бензин,Автомат,Тэгу,0,3,1998,22100000,1.129
Genesis,G80,2019,7,83659,Гибрид,Автомат,Сеул,0,3,1600,12200000,1.021
Kia,Sportage,2018,8,133196,Гибрид,Автомат,Тэгу,0,1,1998,4600000,0.882
Kia,Carnival,2018,8,108327,LPG,Автомат,Кёнгидо (Ансан),0,3,2199,6300000,0.975
Kia,Sportage,2019,7,120075,Дизель,Автомат,Сеул,1,2,2199,4600000,0.731
Renault Korea,QM6,2019,7,126014,Бензин,Автомат,Инчхон,0,3,2999,5800000,0.872
Hyundai,Santa Fe,2018,8,103264,Бензин,Автомат,Сеул,0,3,2999,5700000,1.026
Kia,K5,2023,3,57133,Бензин,Механика,Кёнгидо (Ансан),0,2,2199,18100000,0.832
Kia,K5,2019,7,102987,Бензин,Автомат,Инчхон,0,3,2199,4500000,0.821
Kia,K5,2025,1,10068,Дизель,Автомат,Пусан,1,2,2497,17000000,0.616
Ssangyong,Torres,2024,2,24246,Гибрид,Автомат,Кёнгидо (Ансан),1,3,1998,17800000,0.811
Chevrolet,Trailblazer,2016,10,124955,Бензин,Автомат,Ульсан,1,1,1600,4200000,0.654
Hyundai,Sonata,2019,7,73778,Дизель,Автомат,Пусан,0,3,2999,4600000,0.821
Kia,Sorento,2023,3,60276,Бензин,Механика,Ульсан,0,1,2497,24400000,1.04
Ssangyong,Torres,2020,6,79536,Гибрид,Автомат,Пусан,0,3,1600,8900000,1.082
Hyundai,Avante,2026,0,500,Гибрид,Автомат,Инчхон,0,3,1998,20100000,0.65
Hyundai,Santa Fe,2021,5,66425,LPG,Автомат,Кёнгидо (Ансан),0,1,2199,19000000,1.202
Hyundai,Avante,2018,8,92498,Гибрид,Механика,Инчхон,0,1,2199,3000000,0.509
Genesis,G80,2021,5,61707,Гибрид,Автомат,Пусан,1,2,2497,13500000,0.991
Ssangyong,Torres,2019,7,97799,Дизель,Автомат,Инчхон,1,1,2999,4500000,0.693
Kia,Sportage,2019,7,125424,LPG,Автомат,Пусан,0,2,1600,7100000,0.882
Chevrolet,Trailblazer,2023,3,47217,Гибрид,Автомат,Пусан,0,1,1600,18300000,1.021
Kia,Sorento,2016,10,197671,Дизель,Автомат,Сеул,0,3,2199,5600000,1.026
Hyundai,Tucson,2021,5,94130,Дизель,Автомат,Кёнгидо (Ансан),1,3,2497,8700000,0.897
Renault Korea,QM6,2021,5,99336,Бензин,Автомат,Сеул,0,1,2999,13100000,1.129
Genesis,G80,2020,6,102509,Гибрид,Автомат,Ульсан,0,2,1998,18600000,1.322
Kia,K5,2024,2,36885,Гибрид,Автомат,Кёнгидо (Ансан),0,1,2999,20400000,0.961
Kia,Carnival,2025,1,16733,Дизель,Автомат,Кёнгидо (Ансан),0,3,1998,34200000,1.078
Hyundai,Tucson,2025,1,11055,Гибрид,Автомат,Ульсан,1,2,1600,27000000,0.627
Hyundai,Santa Fe,2024,2,18427,Бензин,Автомат,Ульсан,0,2,2199,27300000,1.328
Kia,K5,2024,2,27425,Дизель,Автомат,Сеул,0,3,2497,19300000,1.063
Hyundai,Tucson,2019,7,83133,Бензин,Автомат,Кёнгидо (Ансан),0,1,2497,9400000,0.924
Renault Korea,QM6,2022,4,58571,Бензин,Автомат,Пусан,0,1,2999,13200000,1.129
Kia,Sportage,2024,2,23290,Гибрид,Автомат,Тэгу,1,3,2497,19000000,0.856
Hyundai,Sonata,2022,4,71588,Дизель,Автомат,Инчхон,0,1,1600,15700000,1.063
Genesis,G80,2021,5,64267,Дизель,Автомат,Тэгу,0,1,1600,29000000,1.461
Ssangyong,Torres,2025,1,12752,LPG,Автомат,Сеул,0,1,1600,28300000,0.836
Kia,Sportage,2022,4,41578,Гибрид,Автомат,Ульсан,0,3,1998,18600000,1.142
Hyundai,Sonata,2019,7,127941,Гибрид,Автомат,Ульсан,0,1,2199,4000000,0.743
Hyundai,Avante,2024,2,26705,Гибрид,Автомат,Сеул,0,2,2199,15500000,0.841
Hyundai,Santa Fe,2016,10,168898,Гибрид,Автомат,Инчхон,0,2,1600,5700000,0.929
Genesis,G80,2022,4,67460,Бензин,Автомат,Пусан,1,2,2497,30500000,1.096
Renault Korea,QM6,2022,4,66476,Гибрид,Автомат,Пусан,1,2,1998,11600000,0.766
Renault Korea,QM6,2024,2,33809,Бензин,Автомат,Инчхон,1,3,2999,15400000,0.847
Kia,Sportage,2016,10,181732,LPG,Автомат,Тэгу,0,2,2199,4600000,0.882
Kia,K5,2026,0,2097,Бензин,Автомат,Пусан,0,3,2199,24000000,0.821
Hyundai,Tucson,2023,3,41841,Бензин,Автомат,Ульсан,0,1,2199,25100000,1.195
Renault Korea,QM6,2018,8,97122,Гибрид,Автомат,Тэгу,0,1,2497,3900000,0.789
Kia,K5,2026,0,500,Дизель,Автомат,Кёнгидо (Ансан),0,3,2497,27400000,0.821
Kia,Sportage,2018,8,140711,Дизель,Автомат,Тэгу,0,1,1600,4600000,0.975
Genesis,G80,2016,10,164163,Дизель,Автомат,Ульсан,0,3,1600,8200000,1.129
Renault Korea,QM6,2017,9,100920,Дизель,Автомат,Пусан,0,2,2999,3900000,0.872
Hyundai,Tucson,2023,3,60251,Гибрид,Автомат,Сеул,0,2,2497,20300000,1.082
Hyundai,Santa Fe,2022,4,52096,Бензин,Механика,Инчхон,0,1,2199,20800000,1.04
Kia,Sportage,2024,2,26073,Бензин,Автомат,Пусан,1,2,2199,19500000,0.946
Hyundai,Santa Fe,2022,4,56176,Бензин,Автомат,Инчхон,0,3,2497,18500000,1.328
Ssangyong,Torres,2016,10,130464,Гибрид,Автомат,Тэгу,0,2,2999,4500000,0.836
Genesis,G80,2023,3,36797,Бензин,Автомат,Сеул,0,3,2497,36000000,1.461
Hyundai,Santa Fe,2018,8,154951,Бензин,Автомат,Тэгу,0,2,2497,5700000,1.026
Kia,Sorento,2016,10,161368,Гибрид,Автомат,Кёнгидо (Ансан),0,3,1600,5600000,0.929
Hyundai,Tucson,2024,2,16679,Бензин,Автомат,Пусан,1,1,1998,21300000,0.897
Chevrolet,Trailblazer,2023,3,46982,Бензин,Автомат,Кёнгидо (Ансан),0,3,1600,16900000,1.129
Hyundai,Sonata,2025,1,13443,Бензин,Автомат,Тэгу,0,3,1600,22200000,0.821
Hyundai,Tucson,2023,3,49791,Бензин,Механика,Инчхон,1,3,2199,12800000,0.702
Kia,Sorento,2018,8,135899,Гибрид,Механика,Ульсан,0,2,2497,5600000,0.727
Kia,Sorento,2024,2,24082,Гибрид,Автомат,Инчхон,0,1,2999,31400000,1.202
Hyundai,Tucson,2022,4,65682,Дизель,Автомат,Сеул,0,2,1998,14300000,1.195
Hyundai,Sonata,2024,2,29992,Бензин,Автомат,Сеул,0,3,2497,21400000,1.063
Chevrolet,Trailblazer,2018,8,152712,Бензин,Автомат,Кёнгидо (Ансан),0,3,2199,4200000,0.872
Kia,K5,2017,9,185255,Бензин,Автомат,Сеул,0,1,2497,3900000,0.821
Kia,K5,2026,0,6636,Дизель,Автомат,Сеул,0,3,2497,25200000,0.821
Hyundai,Santa Fe,2023,3,32315,Бензин,Автомат,Пусан,0,3,2199,27600000,1.328
Chevrolet,Trailblazer,2024,2,34939,Бензин,Автомат,Сеул,0,2,2497,21800000,1.129
Kia,K5,2019,7,106030,Дизель,Автомат,Сеул,0,1,1998,4800000,0.821
Kia,Sportage,2026,0,500,Бензин,Автомат,Ульсан,0,1,1998,34000000,0.975
Kia,Carnival,2018,8,114735,Бензин,Автомат,Инчхон,1,1,1998,6300000,0.808
Kia,K5,2017,9,173748,Дизель,Автомат,Инчхон,1,2,2199,3900000,0.616
Renault Korea,QM6,2021,5,75801,Бензин,Автомат,Инчхон,0,3,2199,12600000,1.129
Hyundai,Santa Fe,2023,3,49228,Бензин,Автомат,Кёнгидо (Ансан),0,2,2199,25600000,1.328
Ssangyong,Torres,2021,5,69001,Дизель,Механика,Сеул,0,3,2199,8000000,0.936
Kia,K5,2021,5,79119,Дизель,Автомат,Сеул,0,1,1998,10800000,1.063
Genesis,G80,2020,6,110149,Бензин,Автомат,Кёнгидо (Ансан),0,1,2199,19300000,1.461
Hyundai,Avante,2024,2,47086,Дизель,Автомат,Сеул,0,1,2497,15500000,0.93
Renault Korea,QM6,2020,6,116216,Бензин,Механика,Тэгу,0,3,1600,6200000,0.884
Hyundai,Tucson,2023,3,43590,Дизель,Автомат,Инчхон,0,2,1998,21700000,1.195
Hyundai,Santa Fe,2018,8,74067,Бензин,Автомат,Кёнгидо (Ансан),0,3,2999,7400000,1.026
Renault Korea,QM6,2018,8,110547,Бензин,Автомат,Ульсан,0,2,2199,3900000,0.872
Kia,Sportage,2024,2,34411,Гибрид,Автомат,Сеул,0,2,2199,27100000,1.142
Renault Korea,QM6,2025,1,27410,Бензин,Автомат,Инчхон,0,3,1998,21900000,0.872
Hyundai,Tucson,2021,5,67800,Дизель,Автомат,Тэгу,0,1,2497,14000000,1.195
Kia,Carnival,2024,2,26084,Бензин,Автомат,Ульсан,0,1,2199,26400000,1.395
Kia,K5,2023,3,39451,Бензин,Автомат,Сеул,0,1,2199,16900000,1.063
Genesis,G80,2017,9,163031,Бензин,Автомат,Инчхон,0,3,2497,8200000,1.129
Kia,Sportage,2022,4,76385,Гибрид,Автомат,Сеул,0,2,2497,15700000,1.142
Chevrolet,Trailblazer,2021,5,88214,Бензин,Автомат,Ульсан,0,1,2497,11400000,1.129
Hyundai,Tucson,2016,10,80663,Бензин,Автомат,Сеул,0,3,2199,4800000,0.924
Hyundai,Avante,2021,5,74758,Бензин,Механика,Ульсан,0,2,2999,9800000,0.728
Hyundai,Avante,2022,4,74882,Бензин,Автомат,Инчхон,0,2,2999,11100000,0.93
Ssangyong,Torres,2018,8,147249,Бензин,Автомат,Сеул,0,1,2199,4900000,0.924
Kia,Sorento,2016,10,132609,Гибрид,Автомат,Ульсан,0,3,2199,5600000,0.929
Kia,Sportage,2025,1,11363,Бензин,Автомат,Пусан,0,2,1998,25300000,0.975
Renault Korea,QM6,2017,9,171210,Бензин,Автомат,Пусан,0,3,2497,3900000,0.872
Hyundai,Sonata,2016,10,114521,Гибрид,Автомат,Тэгу,0,2,1600,4000000,0.743
Kia,Carnival,2016,10,135993,LPG,Автомат,Инчхон,0,3,1600,6300000,0.975
Hyundai,Avante,2017,9,152607,Бензин,Автомат,Кёнгидо (Ансан),0,2,2497,3000000,0.718
Hyundai,Santa Fe,2016,10,125400,Дизель,Автомат,Ульсан,0,2,1600,5700000,1.026
Ssangyong,Torres,2018,8,96945,Бензин,Автомат,Ульсан,0,1,2999,4500000,0.924
Chevrolet,Trailblazer,2026,0,500,LPG,Автомат,Тэгу,0,2,2497,27300000,0.789
Hyundai,Tucson,2021,5,71825,Дизель,Автомат,Инчхон,0,3,2199,12400000,1.195
Hyundai,Tucson,2024,2,31422,Бензин,Автомат,Инчхон,0,3,2199,25900000,1.195
Hyundai,Sonata,2020,6,105841,Бензин,Механика,Ульсан,0,3,1600,7700000,0.832
Hyundai,Avante,2018,8,120267,Дизель,Автомат,Тэгу,0,1,2199,3000000,0.718
Kia,Sportage,2023,3,54854,Бензин,Автомат,Ульсан,1,2,2999,14800000,0.946
Renault Korea,QM6,2022,4,81155,Бензин,Автомат,Инчхон,0,2,1998,15000000,1.129
Ssangyong,Torres,2021,5,78068,Бензин,Автомат,Тэгу,0,1,1600,14600000,1.195
Hyundai,Santa Fe,2023,3,40077,Бензин,Автомат,Кёнгидо (Ансан),0,3,2999,20500000,1.328
Hyundai,Sonata,2020,6,123951,Дизель,Автомат,Инчхон,0,1,2497,7900000,1.063
Hyundai,Tucson,2025,1,18541,LPG,Автомат,Инчхон,1,3,2999,20000000,0.627
Hyundai,Sonata,2019,7,83848,LPG,Автомат,Ульсан,1,2,2999,4000000,0.557
Hyundai,Avante,2026,0,500,Дизель,Автомат,Ульсан,0,2,2999,20700000,0.718
Genesis,G80,2022,4,71744,Бензин,Механика,Пусан,0,1,1600,30700000,1.143
Chevrolet,Trailblazer,2024,2,32514,Бензин,Автомат,Пусан,0,3,1998,22000000,1.129
Hyundai,Tucson,2021,5,92543,Дизель,Автомат,Сеул,0,2,1600,13900000,1.195
Chevrolet,Trailblazer,2016,10,170502,Дизель,Автомат,Пусан,0,3,1600,4200000,0.872
Chevrolet,Trailblazer,2019,7,135315,Дизель,Автомат,Сеул,0,2,2497,7400000,0.872
Ssangyong,Torres,2025,1,20877,Дизель,Автомат,Ульсан,0,3,2199,25500000,0.924
Kia,Sportage,2019,7,112408,Дизель,Автомат,Ульсан,0,1,1600,8400000,0.975
Hyundai,Santa Fe,2021,5,55913,Гибрид,Автомат,Инчхон,0,2,2999,17400000,1.202
Kia,Sportage,2022,4,89510,Дизель,Автомат,Кёнгидо (Ансан),0,1,1998,14800000,1.262
Hyundai,Avante,2021,5,89451,Дизель,Автомат,Инчхон,1,3,2999,6900000,0.697
Genesis,G80,2020,6,96059,Бензин,Автомат,Ульсан,0,1,2199,18600000,1.461
Genesis,G80,2017,9,114408,Дизель,Автомат,Тэгу,1,2,2199,8200000,0.847
Chevrolet,Trailblazer,2016,10,122283,Бензин,Автомат,Сеул,0,1,2199,4200000,0.872
Chevrolet,Trailblazer,2019,7,97797,Бензин,Автомат,Инчхон,0,1,1998,4200000,0.872
Ssangyong,Torres,2018,8,105681,Гибрид,Автомат,Кёнгидо (Ансан),0,3,1998,4500000,0.836
Renault Korea,QM6,2017,9,101230,Дизель,Автомат,Ульсан,0,3,1600,3900000,0.872
Kia,K5,2019,7,93851,Дизель,Автомат,Кёнгидо (Ансан),1,2,1998,3900000,0.616
Kia,Carnival,2018,8,100892,Бензин,Автомат,Тэгу,0,2,2497,6300000,1.078
Kia,K5,2022,4,77018,Бензин,Механика,Инчхон,0,3,2199,12600000,0.832
Chevrolet,Trailblazer,2026,0,500,Бензин,Автомат,Кёнгидо (Ансан),0,3,2497,29800000,0.872
Chevrolet,Trailblazer,2018,8,157342,Бензин,Автомат,Ульсан,0,1,2999,4200000,0.872
Kia,Sorento,2024,2,35325,Бензин,Автомат,Инчхон,0,2,1600,27600000,1.328
Genesis,G80,2024,2,30557,Бензин,Автомат,Пусан,0,1,1998,39600000,1.461
Chevrolet,Trailblazer,2017,9,113827,Бензин,Автомат,Сеул,1,1,2497,4200000,0.654
Chevrolet,Trailblazer,2017,9,118683,Бензин,Механика,Сеул,0,3,2999,4200000,0.683
Hyundai,Sonata,2018,8,121122,Гибрид,Автомат,Сеул,0,3,2199,4000000,0.743
Hyundai,Santa Fe,2025,1,15882,Дизель,Автомат,Тэгу,0,3,1998,31600000,1.026
Hyundai,Tucson,2020,6,72588,Бензин,Автомат,Сеул,0,2,2199,9400000,1.195
Renault Korea,QM6,2016,10,120069,Гибрид,Автомат,Кёнгидо (Ансан),0,2,1600,3900000,0.789
Genesis,G80,2024,2,25060,Бензин,Автомат,Кёнгидо (Ансан),0,3,1600,39900000,1.461
Renault Korea,QM6,2016,10,178408,Бензин,Автомат,Кёнгидо (Ансан),1,3,1998,3900000,0.654
Hyundai,Avante,2025,1,9531,Дизель,Автомат,Пусан,0,2,1998,17700000,0.718
Kia,Carnival,2022,4,54270,Дизель,Автомат,Ульсан,0,2,2199,20300000,1.395
Kia,Carnival,2026,0,1338,Дизель,Автомат,Сеул,0,1,1600,41800000,1.078
Hyundai,Avante,2019,7,103578,Бензин,Автомат,Инчхон,1,1,2199,3000000,0.539
Renault Korea,QM6,2017,9,97103,Бензин,Автомат,Сеул,1,1,2999,3900000,0.654
Hyundai,Tucson,2017,9,138649,Дизель,Автомат,Сеул,0,1,2199,4800000,0.924
Hyundai,Tucson,2024,2,30238,Гибрид,Автомат,Пусан,0,2,1600,22000000,1.082
Hyundai,Santa Fe,2016,10,140518,Бензин,Автомат,Инчхон,0,1,1600,5700000,1.026
Kia,Sorento,2025,1,19908,Дизель,Механика,Пусан,0,2,2199,32500000,0.803
Hyundai,Sonata,2023,3,42122,Дизель,Автомат,Ульсан,0,2,2199,17300000,1.063
Hyundai,Sonata,2023,3,30377,Бензин,Автомат,Сеул,0,3,1998,16200000,1.063
Hyundai,Avante,2018,8,117793,Дизель,Автомат,Сеул,0,2,2199,3000000,0.718
Hyundai,Avante,2026,0,500,Бензин,Автомат,Тэгу,0,1,2999,20200000,0.718
Hyundai,Santa Fe,2019,7,122865,Бензин,Автомат,Тэгу,1,2,2497,5700000,0.77
Kia,Carnival,2019,7,117858,Дизель,Автомат,Сеул,1,1,2497,6900000,0.808
Ssangyong,Torres,2017,9,103007,Дизель,Автомат,Кёнгидо (Ансан),0,2,2199,4500000,0.924
Hyundai,Santa Fe,2024,2,36927,Бензин,Автомат,Сеул,0,3,2199,30200000,1.328
Kia,Sportage,2019,7,78832,Бензин,Автомат,Сеул,1,1,2199,4600000,0.731
Hyundai,Sonata,2022,4,53301,Дизель,Автомат,Кёнгидо (Ансан),0,3,2999,14400000,1.063
Hyundai,Santa Fe,2024,2,22402,Гибрид,Автомат,Кёнгидо (Ансан),0,3,2199,28100000,1.202
Hyundai,Sonata,2021,5,75887,Бензин,Автомат,Ульсан,0,3,2999,11300000,1.063
Renault Korea,QM6,2023,3,56437,Бензин,Автомат,Ульсан,0,2,1600,18000000,1.129
Kia,Sorento,2018,8,127873,Дизель,Автомат,Пусан,0,3,1998,5600000,1.026
Chevrolet,Trailblazer,2025,1,11862,Бензин,Автомат,Кёнгидо (Ансан),0,3,1600,24200000,0.872
Hyundai,Santa Fe,2019,7,127668,Гибрид,Автомат,Тэгу,0,3,1600,5700000,0.929
Genesis,G80,2017,9,129748,Дизель,Автомат,Пусан,1,2,1600,8200000,0.847
Hyundai,Sonata,2023,3,61162,LPG,Автомат,Пусан,1,3,1998,14700000,0.721
Chevrolet,Trailblazer,2024,2,26277,Бензин,Автомат,Инчхон,1,1,1998,17600000,0.847
Chevrolet,Trailblazer,2026,0,500,Бензин,Автомат,Тэгу,0,3,2497,27400000,0.872
Hyundai,Avante,2018,8,128574,Бензин,Автомат,Пусан,0,2,2497,3000000,0.718
Kia,Carnival,2023,3,31196,Дизель,Автомат,Кёнгидо (Ансан),0,2,2199,28600000,1.395
Renault Korea,QM6,2016,10,159459,Гибрид,Автомат,Ульсан,0,2,2999,3900000,0.789
Hyundai,Avante,2016,10,155577,Гибрид,Механика,Инчхон,0,1,1998,3000000,0.509
Renault Korea,QM6,2019,7,94719,Бензин,Автомат,Ульсан,1,2,1998,5300000,0.654
Kia,Carnival,2017,9,110724,Гибрид,Автомат,Сеул,0,2,2999,6300000,0.975
Renault Korea,QM6,2017,9,138211,Бензин,Автомат,Тэгу,0,2,2999,3900000,0.872
Hyundai,Tucson,2024,2,41626,Дизель,Автомат,Сеул,0,3,1600,24500000,1.195
Hyundai,Sonata,2020,6,93742,Гибрид,Автомат,Тэгу,1,1,2497,6700000,0.721
Kia,Carnival,2017,9,94302,Бензин,Автомат,Ульсан,1,3,2497,6300000,0.808
Renault Korea,QM6,2024,2,17100,Бензин,Автомат,Кёнгидо (Ансан),0,3,1998,18800000,1.129
Hyundai,Tucson,2024,2,34784,Бензин,Автомат,Тэгу,0,2,2497,23000000,1.195
Hyundai,Sonata,2024,2,31508,Гибрид,Автомат,Инчхон,0,2,1600,21400000,0.961
Genesis,G80,2017,9,171817,Дизель,Автомат,Инчхон,1,1,1998,8200000,0.847
Hyundai,Sonata,2023,3,40424,Дизель,Автомат,Кёнгидо (Ансан),1,3,1998,15600000,0.797
Hyundai,Sonata,2026,0,500,Гибрид,Автомат,Кёнгидо (Ансан),0,1,1998,26700000,0.743
Kia,Sorento,2023,3,33566,Бензин,Автомат,Сеул,0,2,1998,24800000,1.328
Renault Korea,QM6,2016,10,193462,Бензин,Автомат,Пусан,1,2,1998,3900000,0.654
Hyundai,Santa Fe,2020,6,90253,Бензин,Автомат,Кёнгидо (Ансан),0,2,2497,11500000,1.328
Chevrolet,Trailblazer,2018,8,129980,LPG,Автомат,Кёнгидо (Ансан),0,3,1998,4200000,0.789
Chevrolet,Trailblazer,2025,1,12595,Дизель,Автомат,Сеул,1,1,2199,24100000,0.654
Genesis,G80,2017,9,114213,Дизель,Автомат,Сеул,1,2,2497,8200000,0.847
Hyundai,Avante,2016,10,110424,Бензин,Автомат,Сеул,0,3,2497,3000000,0.718
Genesis,G80,2020,6,94747,Дизель,Автомат,Пусан,0,2,2199,16600000,1.461
Genesis,G80,2017,9,140736,Бензин,Автомат,Инчхон,0,1,1998,8200000,1.129
Hyundai,Santa Fe,2025,1,9686,Бензин,Механика,Инчхон,0,2,2199,35000000,0.803
Hyundai,Sonata,2026,0,3394,Гибрид,Автомат,Пусан,0,3,1998,27800000,0.743
Kia,Carnival,2026,0,500,LPG,Автомат,Пусан,0,3,1600,37600000,0.975
Hyundai,Tucson,2023,3,41808,Бензин,Автомат,Инчхон,0,3,2497,20400000,1.195
Kia,K5,2017,9,115589,Дизель,Автомат,Тэгу,0,2,1998,3900000,0.821
Renault Korea,QM6,2023,3,45366,Бензин,Автомат,Кёнгидо (Ансан),0,2,2999,17400000,1.129
Hyundai,Avante,2020,6,82426,Бензин,Механика,Инчхон,0,3,1600,5500000,0.728
Renault Korea,QM6,2019,7,90880,Бензин,Автомат,Сеул,1,3,2497,3900000,0.654
Hyundai,Avante,2018,8,120335,Дизель,Автомат,Ульсан,0,3,2999,3000000,0.718
Hyundai,Avante,2016,10,145174,Бензин,Автомат,Сеул,0,3,2999,3000000,0.718
Hyundai,Avante,2020,6,100363,Дизель,Автомат,Пусан,0,2,1998,5500000,0.93
Hyundai,Santa Fe,2024,2,33019,Дизель,Автомат,Ульсан,0,1,1998,27200000,1.328
Kia,Sorento,2019,7,112073,Бензин,Автомат,Пусан,0,2,2497,7200000,1.026
Hyundai,Sonata,2021,5,78229,Дизель,Автомат,Сеул,0,1,1998,10100000,1.063
Kia,Carnival,2020,6,99489,Гибрид,Автомат,Сеул,1,3,1998,9200000,0.946
Ssangyong,Torres,2024,2,27912,LPG,Автомат,Тэгу,0,1,1998,23800000,1.082
Hyundai,Sonata,2021,5,96507,Бензин,Автомат,Пусан,0,2,1998,11900000,1.063
Ssangyong,Torres,2024,2,31458,Бензин,Автомат,Инчхон,0,3,1600,22000000,1.195
Kia,Sportage,2021,5,61216,Бензин,Автомат,Пусан,0,1,2999,13700000,1.262
Hyundai,Avante,2020,6,95038,Гибрид,Автомат,Инчхон,1,2,2999,4300000,0.631
Hyundai,Sonata,2026,0,966,Бензин,Автомат,Инчхон,0,3,1600,25800000,0.821
Ssangyong,Torres,2018,8,140289,Бензин,Автомат,Кёнгидо (Ансан),0,3,2199,4500000,0.924
Ssangyong,Torres,2022,4,59537,Дизель,Автомат,Инчхон,0,1,1600,16500000,1.195
Hyundai,Santa Fe,2020,6,97774,Бензин,Автомат,Кёнгидо (Ансан),1,3,2497,5700000,0.996
Hyundai,Santa Fe,2024,2,31431,Бензин,Автомат,Инчхон,1,3,1600,27800000,0.996
Ssangyong,Torres,2023,3,45320,Гибрид,Автомат,Инчхон,1,1,2199,20400000,0.811
Hyundai,Santa Fe,2020,6,79259,Дизель,Автомат,Пусан,1,1,1998,9300000,0.996
Chevrolet,Trailblazer,2023,3,40211,Дизель,Автомат,Инчхон,0,2,2199,17300000,1.129
Hyundai,Avante,2016,10,143921,Дизель,Автомат,Кёнгидо (Ансан),0,1,1998,3000000,0.718
Hyundai,Santa Fe,2025,1,20145,Гибрид,Автомат,Пусан,0,3,1998,32400000,0.929
Hyundai,Sonata,2023,3,48138,Бензин,Автомат,Кёнгидо (Ансан),0,3,2199,18600000,1.063
Hyundai,Santa Fe,2026,0,500,Дизель,Автомат,Тэгу,0,1,2497,37600000,1.026
Hyundai,Sonata,2025,1,12639,Гибрид,Автомат,Инчхон,1,3,2199,19500000,0.557
Hyundai,Avante,2021,5,73534,Дизель,Автомат,Инчхон,0,3,2999,8500000,0.93
Kia,Sorento,2017,9,111630,Бензин,Автомат,Инчхон,0,1,2999,5600000,1.026
Kia,K5,2025,1,6040,Дизель,Автомат,Ульсан,0,2,1998,22700000,0.821
Kia,Sportage,2017,9,121370,Бензин,Механика,Тэгу,1,2,2199,4600000,0.572
Hyundai,Sonata,2018,8,87546,LPG,Автомат,Сеул,1,1,1600,4000000,0.557
Hyundai,Santa Fe,2018,8,136048,Дизель,Автомат,Сеул,1,1,2199,5700000,0.77
Hyundai,Tucson,2018,8,101016,Дизель,Автомат,Ульсан,0,1,2999,5700000,0.924
Hyundai,Sonata,2019,7,153134,Бензин,Автомат,Тэгу,0,3,2497,6500000,0.821
Hyundai,Tucson,2025,1,20990,Бензин,Автомат,Ульсан,0,2,2199,26700000,0.924
Kia,Sportage,2021,5,75279,Бензин,Автомат,Тэгу,0,1,1998,16000000,1.262
Kia,Sportage,2018,8,116966,Бензин,Автомат,Ульсан,0,1,2199,4600000,0.975
Ssangyong,Torres,2017,9,147413,Бензин,Механика,Пусан,1,3,1600,4500000,0.542
Chevrolet,Trailblazer,2025,1,18957,Бензин,Автомат,Инчхон,1,1,1600,23600000,0.654
Hyundai,Santa Fe,2023,3,42372,Гибрид,Автомат,Тэгу,0,2,2999,21800000,1.202
Hyundai,Sonata,2018,8,116416,Дизель,Автомат,Кёнгидо (Ансан),0,3,2199,4000000,0.821
Kia,Sorento,2019,7,118377,Бензин,Автомат,Инчхон,0,2,1998,11600000,1.026
Hyundai,Tucson,2025,1,22322,Бензин,Автомат,Сеул,0,2,1998,26500000,0.924
Hyundai,Sonata,2026,0,6526,Бензин,Автомат,Сеул,0,2,1600,25400000,0.821
Genesis,G80,2024,2,31384,Гибрид,Автомат,Инчхон,1,2,1600,39000000,0.991
Hyundai,Tucson,2023,3,42551,Дизель,Автомат,Кёнгидо (Ансан),0,3,1998,21400000,1.195
Hyundai,Sonata,2024,2,22094,Дизель,Автомат,Пусан,0,2,1998,22200000,1.063
Kia,Carnival,2016,10,122498,Дизель,Автомат,Пусан,0,3,2497,6300000,1.078
Genesis,G80,2025,1,11662,Бензин,Автомат,Инчхон,1,1,1600,43500000,0.847
Hyundai,Santa Fe,2026,0,500,Гибрид,Автомат,Инчхон,0,1,1998,35200000,0.929
Kia,Sorento,2019,7,93930,Бензин,Автомат,Ульсан,0,1,2497,9700000,1.026
Hyundai,Sonata,2025,1,14818,Дизель,Автомат,Кёнгидо (Ансан),0,1,2497,21900000,0.821
Hyundai,Tucson,2023,3,48947,Бензин,Механика,Инчхон,1,1,2497,15000000,0.702
Kia,Carnival,2017,9,131451,Дизель,Автомат,Ульсан,0,3,1998,6300000,1.078
Kia,Sorento,2019,7,96109,LPG,Автомат,Инчхон,0,2,1600,7500000,0.929
Renault Korea,QM6,2018,8,139518,Гибрид,Автомат,Пусан,0,3,1998,3900000,0.789
Hyundai,Tucson,2024,2,32392,LPG,Автомат,Сеул,1,2,2199,21300000,0.811
Hyundai,Avante,2017,9,147278,Дизель,Автомат,Кёнгидо (Ансан),0,3,2999,3000000,0.718
Hyundai,Avante,2025,1,14323,Бензин,Автомат,Пусан,1,3,1998,14500000,0.539
Kia,Carnival,2018,8,168306,Дизель,Автомат,Тэгу,0,2,2199,6300000,1.078
Hyundai,Tucson,2023,3,30238,Бензин,Автомат,Инчхон,0,1,2199,22000000,1.195
Kia,Carnival,2018,8,135533,Бензин,Автомат,Тэгу,1,2,2999,6300000,0.808
Genesis,G80,2026,0,500,Бензин,Автомат,Ульсан,1,2,2497,53400000,0.847
Chevrolet,Trailblazer,2025,1,14963,Бензин,Автомат,Сеул,0,1,1998,23800000,0.872
Kia,Sorento,2026,0,2388,Дизель,Автомат,Кёнгидо (Ансан),1,1,1998,32000000,0.77
Hyundai,Sonata,2016,10,149497,Бензин,Автомат,Инчхон,0,3,2497,4000000,0.821
Hyundai,Santa Fe,2023,3,47706,Бензин,Механика,Кёнгидо (Ансан),0,3,2999,22700000,1.04
Kia,Sportage,2019,7,117646,Бензин,Автомат,Инчхон,0,1,1998,6500000,0.975
Hyundai,Tucson,2016,10,149696,Бензин,Автомат,Пусан,0,2,1998,4800000,0.924
Kia,K5,2026,0,7163,Бензин,Автомат,Тэгу,0,3,1998,23800000,0.821
Hyundai,Santa Fe,2018,8,112165,Дизель,Автомат,Тэгу,0,1,1998,5700000,1.026
Kia,Sorento,2021,5,90904,Бензин,Автомат,Тэгу,0,3,1998,15800000,1.328
Hyundai,Santa Fe,2021,5,102630,Гибрид,Автомат,Ульсан,0,2,2497,15900000,1.202
Kia,Sorento,2017,9,111621,Дизель,Автомат,Тэгу,0,1,2497,5600000,1.026
Hyundai,Avante,2017,9,105364,Гибрид,Автомат,Пусан,1,1,1998,3000000,0.488
Kia,Sportage,2020,6,72097,Бензин,Автомат,Пусан,0,2,2497,8700000,1.262
Hyundai,Santa Fe,2018,8,112546,Гибрид,Автомат,Сеул,0,2,1600,5700000,0.929
Ssangyong,Torres,2017,9,153745,Бензин,Автомат,Ульсан,1,3,1998,4500000,0.693
Hyundai,Avante,2018,8,142685,Гибрид,Автомат,Кёнгидо (Ансан),1,2,2497,3000000,0.488
Ssangyong,Torres,2023,3,43005,Дизель,Автомат,Тэгу,0,1,1998,18400000,1.195
Kia,Sportage,2016,10,165657,Гибрид,Автомат,Сеул,1,3,2199,4600000,0.662
Hyundai,Avante,2024,2,24194,Дизель,Автомат,Пусан,0,1,2199,15800000,0.93
Ssangyong,Torres,2025,1,24368,Бензин,Автомат,Кёнгидо (Ансан),0,2,2999,24100000,0.924
Kia,Carnival,2025,1,15975,LPG,Автомат,Инчхон,0,3,2999,33500000,0.975
Renault Korea,QM6,2017,9,139025,LPG,Автомат,Ульсан,0,3,2497,3900000,0.789
Kia,K5,2023,3,47622,Гибрид,Автомат,Пусан,0,1,2999,17400000,0.961
Kia,Sorento,2024,2,30243,Гибрид,Автомат,Сеул,0,1,1600,29300000,1.202
Kia,Sportage,2016,10,138969,Дизель,Автомат,Пусан,0,1,1600,4600000,0.975
Kia,Carnival,2016,10,193655,Бензин,Автомат,Сеул,1,2,1600,6300000,0.808
Kia,Sportage,2021,5,79814,Гибрид,Автомат,Ульсан,0,1,1600,11300000,1.142
Kia,Carnival,2023,3,35393,Бензин,Автомат,Сеул,0,1,1600,26000000,1.395
Hyundai,Avante,2023,3,52312,Дизель,Автомат,Кёнгидо (Ансан),0,3,1600,14000000,0.93
Kia,K5,2024,2,39031,Бензин,Автомат,Пусан,0,2,1600,20600000,1.063
Chevrolet,Trailblazer,2021,5,101294,LPG,Автомат,Сеул,0,1,1600,11100000,1.021
Hyundai,Santa Fe,2026,0,500,Дизель,Автомат,Сеул,1,3,2999,34400000,0.77
Kia,Sorento,2018,8,105765,Гибрид,Автомат,Пусан,1,3,2199,5600000,0.696
Renault Korea,QM6,2021,5,59459,Дизель,Автомат,Тэгу,1,3,2497,9900000,0.847
Kia,Sorento,2021,5,77303,Бензин,Автомат,Пусан,1,2,2199,9400000,0.996
Hyundai,Sonata,2021,5,79613,Дизель,Автомат,Сеул,0,2,2999,12000000,1.063
Kia,Sportage,2023,3,47378,Бензин,Автомат,Пусан,1,1,1600,17100000,0.946
Kia,K5,2019,7,102829,Дизель,Автомат,Пусан,0,1,1998,6100000,0.821
Kia,Carnival,2023,3,32360,Бензин,Автомат,Пусан,0,1,2497,26500000,1.395
Hyundai,Tucson,2020,6,78511,Бензин,Автомат,Сеул,1,2,2199,7100000,0.897
Hyundai,Santa Fe,2018,8,128490,Гибрид,Автомат,Пусан,1,1,2999,5700000,0.696
Hyundai,Santa Fe,2025,1,18048,Дизель,Автомат,Сеул,0,1,2999,35200000,1.026
Hyundai,Tucson,2023,3,38701,Дизель,Автомат,Тэгу,0,1,2497,23900000,1.195
Kia,Sportage,2018,8,151090,Бензин,Автомат,Пусан,0,2,2497,4600000,0.975
Kia,Sportage,2016,10,157937,Дизель,Автомат,Инчхон,0,3,2199,4600000,0.975
Kia,Sportage,2017,9,140261,Бензин,Автомат,Кёнгидо (Ансан),1,3,1998,4600000,0.731
Kia,K5,2025,1,25189,Бензин,Автомат,Тэгу,0,2,2199,22400000,0.821
Kia,Sportage,2019,7,110786,Гибрид,Автомат,Пусан,0,2,1998,6900000,0.882
Chevrolet,Trailblazer,2021,5,40629,Дизель,Автомат,Пусан,0,1,2999,13400000,1.129
Chevrolet,Trailblazer,2022,4,47688,Гибрид,Автомат,Ульсан,0,3,2497,13700000,1.021
Hyundai,Tucson,2020,6,87526,LPG,Автомат,Тэгу,0,3,1998,12500000,1.082
Kia,Carnival,2017,9,166920,Дизель,Автомат,Кёнгидо (Ансан),1,2,2199,6300000,0.808
Hyundai,Avante,2022,4,39087,Бензин,Автомат,Кёнгидо (Ансан),1,3,1600,8100000,0.697
Hyundai,Sonata,2018,8,128310,LPG,Автомат,Тэгу,0,1,1998,4700000,0.743
Chevrolet,Trailblazer,2020,6,71598,LPG,Автомат,Ульсан,0,1,1998,9700000,1.021
Hyundai,Avante,2026,0,500,Гибрид,Автомат,Кёнгидо (Ансан),1,3,1998,17300000,0.488
Ssangyong,Torres,2023,3,36051,Бензин,Механика,Тэгу,1,2,1998,19800000,0.702
Ssangyong,Torres,2023,3,49918,Бензин,Автомат,Сеул,0,1,1998,18600000,1.195
Kia,K5,2024,2,48940,LPG,Механика,Сеул,0,1,2999,18100000,0.752
Genesis,G80,2018,8,115850,Бензин,Автомат,Инчхон,0,3,1600,8200000,1.129
Hyundai,Sonata,2016,10,154097,Дизель,Автомат,Кёнгидо (Ансан),0,2,2497,4000000,0.821
Kia,Carnival,2019,7,82365,Гибрид,Автомат,Сеул,1,2,2497,6300000,0.731
Genesis,G80,2026,0,500,Бензин,Автомат,Ульсан,1,2,2999,52700000,0.847
Renault Korea,QM6,2021,5,70561,Бензин,Автомат,Ульсан,0,1,2199,13300000,1.129
Kia,Sportage,2021,5,73100,Дизель,Автомат,Тэгу,0,1,2199,13700000,1.262
Kia,K5,2023,3,45884,Дизель,Автомат,Тэгу,0,2,2999,18800000,1.063
Genesis,G80,2023,3,40266,Дизель,Автомат,Кёнгидо (Ансан),0,1,2497,36100000,1.461
Renault Korea,QM6,2025,1,19506,LPG,Автомат,Инчхон,0,1,2199,24600000,0.789
Hyundai,Sonata,2024,2,35576,Бензин,Автомат,Кёнгидо (Ансан),1,2,1600,17600000,0.797
Hyundai,Santa Fe,2023,3,39037,Дизель,Механика,Тэгу,0,1,1998,26500000,1.04
Ssangyong,Torres,2024,2,46701,Дизель,Автомат,Ульсан,1,1,1998,21400000,0.897
Renault Korea,QM6,2019,7,88255,Гибрид,Автомат,Инчхон,0,3,1600,4000000,0.789
Chevrolet,Trailblazer,2016,10,160756,Дизель,Автомат,Сеул,0,3,2999,4200000,0.872
Kia,K5,2019,7,90891,Дизель,Автомат,Инчхон,0,2,1998,5100000,0.821
Ssangyong,Torres,2016,10,100083,Гибрид,Автомат,Инчхон,0,1,2199,4500000,0.836
Hyundai,Santa Fe,2016,10,138793,Бензин,Автомат,Ульсан,0,3,1600,5700000,1.026
Chevrolet,Trailblazer,2024,2,27648,Гибрид,Автомат,Тэгу,0,2,2999,21300000,1.021
Hyundai,Sonata,2025,1,10603,Бензин,Автомат,Инчхон,0,3,2999,23900000,0.821
Hyundai,Santa Fe,2020,6,84241,Бензин,Автомат,Ульсан,0,1,2999,10200000,1.328
Chevrolet,Trailblazer,2026,0,1417,Бензин,Автомат,Пусан,1,1,2199,27100000,0.654
Hyundai,Sonata,2019,7,103169,Бензин,Автомат,Пусан,1,3,1998,4000000,0.616
Hyundai,Santa Fe,2022,4,57596,Дизель,Автомат,Ульсан,0,3,1600,25000000,1.328
Ssangyong,Torres,2019,7,88501,Дизель,Автомат,Кёнгидо (Ансан),0,2,2497,8500000,0.924
Kia,Sportage,2020,6,100408,Гибрид,Автомат,Сеул,0,3,2999,9400000,1.142
Genesis,G80,2019,7,129292,Дизель,Автомат,Кёнгидо (Ансан),0,3,1600,8200000,1.129
Hyundai,Sonata,2022,4,57369,Дизель,Автомат,Кёнгидо (Ансан),1,2,2199,13700000,0.797
Hyundai,Santa Fe,2021,5,84738,Бензин,Механика,Ульсан,0,3,1998,19400000,1.04
Genesis,G80,2026,0,500,Дизель,Механика,Кёнгидо (Ансан),0,1,1998,54000000,0.884
Genesis,G80,2016,10,92526,Дизель,Автомат,Тэгу,0,1,1600,8200000,1.129
Hyundai,Tucson,2020,6,66459,Бензин,Автомат,Кёнгидо (Ансан),1,2,2999,7600000,0.897
Kia,Sportage,2020,6,95429,Бензин,Автомат,Кёнгидо (Ансан),1,3,2999,8000000,0.946
Kia,Carnival,2020,6,81217,Гибрид,Автомат,Пусан,0,3,1998,15000000,1.262
Kia,Sorento,2022,4,56800,Гибрид,Автомат,Пусан,1,2,2999,15800000,0.901
Kia,Carnival,2025,1,12779,Бензин,Автомат,Сеул,0,3,2999,33100000,1.078
Kia,K5,2016,10,140540,Бензин,Автомат,Сеул,0,2,2497,3900000,0.821
Genesis,G80,2018,8,73723,Бензин,Автомат,Кёнгидо (Ансан),0,3,2497,8200000,1.129
Hyundai,Avante,2024,2,34624,Бензин,Автомат,Ульсан,0,1,1600,15200000,0.93
Renault Korea,QM6,2020,6,57438,Бензин,Автомат,Инчхон,0,3,2497,5300000,1.129
Kia,Sportage,2019,7,122499,Дизель,Автомат,Сеул,1,2,1600,6500000,0.731
Ssangyong,Torres,2022,4,68791,Дизель,Автомат,Тэгу,0,1,2999,14500000,1.195
Kia,Sportage,2026,0,500,Бензин,Автомат,Тэгу,0,2,1998,29700000,0.975
Hyundai,Avante,2022,4,71685,Дизель,Автомат,Сеул,0,3,2199,9300000,0.93
Hyundai,Santa Fe,2024,2,31051,Бензин,Автомат,Инчхон,1,2,2199,25800000,0.996
Chevrolet,Trailblazer,2018,8,112852,Бензин,Автомат,Кёнгидо (Ансан),0,3,1998,4200000,0.872
Chevrolet,Trailblazer,2026,0,502,Бензин,Автомат,Тэгу,1,1,1998,19500000,0.654
Kia,K5,2016,10,91346,Дизель,Автомат,Пусан,0,3,2497,3900000,0.821
Kia,Carnival,2025,1,13199,Дизель,Автомат,Пусан,0,2,1600,37700000,1.078
Kia,K5,2024,2,30452,Дизель,Механика,Пусан,0,3,2497,19800000,0.832
Hyundai,Santa Fe,2024,2,32318,Бензин,Механика,Инчхон,1,3,2497,24700000,0.78
Genesis,G80,2017,9,156595,Дизель,Автомат,Инчхон,0,1,2999,8200000,1.129
Hyundai,Avante,2021,5,86524,Гибрид,Автомат,Пусан,0,2,2199,9200000,0.841
Kia,Sorento,2018,8,113111,Бензин,Автомат,Ульсан,1,3,2199,5600000,0.77
Hyundai,Avante,2025,1,18992,Бензин,Автомат,Инчхон,0,1,1998,17000000,0.718
Kia,Sorento,2023,3,35609,Дизель,Автомат,Тэгу,1,3,2497,22100000,0.996
Chevrolet,Trailblazer,2020,6,98713,Дизель,Автомат,Инчхон,1,2,2199,4200000,0.847
Chevrolet,Trailblazer,2024,2,33676,LPG,Автомат,Кёнгидо (Ансан),0,1,2999,20100000,1.021
Hyundai,Avante,2020,6,102056,Дизель,Автомат,Тэгу,1,1,2497,5500000,0.697
Ssangyong,Torres,2020,6,61056,Бензин,Автомат,Ульсан,1,3,2999,5300000,0.897
Hyundai,Santa Fe,2025,1,15881,Дизель,Автомат,Инчхон,0,1,1600,30700000,1.026
Kia,Sportage,2017,9,139804,Бензин,Автомат,Ульсан,0,2,1600,4600000,0.975
Hyundai,Santa Fe,2018,8,109982,Гибрид,Автомат,Инчхон,0,2,2199,5700000,0.929
Hyundai,Tucson,2024,2,30589,Дизель,Автомат,Пусан,0,3,2999,23800000,1.195
Kia,K5,2020,6,83075,Дизель,Автомат,Ульсан,1,3,1998,6200000,0.797
Kia,Sorento,2016,10,197218,Бензин,Автомат,Инчхон,0,3,2497,5600000,1.026
Chevrolet,Trailblazer,2025,1,13079,Бензин,Автомат,Пусан,0,2,1998,25600000,0.872
Ssangyong,Torres,2020,6,107173,Дизель,Автомат,Пусан,0,2,2999,8100000,1.195
Hyundai,Tucson,2024,2,43971,Дизель,Автомат,Тэгу,0,3,2999,21000000,1.195
Renault Korea,QM6,2025,1,8639,Бензин,Автомат,Тэгу,0,2,2199,22300000,0.872
Chevrolet,Trailblazer,2023,3,36381,Бензин,Автомат,Пусан,1,3,2999,17800000,0.847
Kia,Carnival,2017,9,103800,Бензин,Автомат,Пусан,0,1,2999,6300000,1.078
Kia,Sportage,2019,7,123029,Бензин,Автомат,Инчхон,0,3,2497,7800000,0.975
Renault Korea,QM6,2026,0,500,Дизель,Автомат,Тэгу,1,2,2199,21900000,0.654
Hyundai,Santa Fe,2026,0,500,Гибрид,Автомат,Кёнгидо (Ансан),1,2,2199,32000000,0.696
Hyundai,Sonata,2017,9,84337,Дизель,Автомат,Инчхон,0,1,1998,4000000,0.821
Genesis,G80,2023,3,38620,Гибрид,Автомат,Сеул,0,2,2199,36700000,1.322
Hyundai,Sonata,2023,3,46971,Бензин,Автомат,Инчхон,0,2,2999,17400000,1.063
Ssangyong,Torres,2017,9,171523,Бензин,Автомат,Кёнгидо (Ансан),0,1,2199,4500000,0.924
Kia,Sportage,2026,0,500,Дизель,Автомат,Сеул,0,1,2999,27800000,0.975
Kia,Sorento,2026,0,500,Гибрид,Автомат,Тэгу,0,1,1998,34000000,0.929
Hyundai,Avante,2019,7,127751,Бензин,Автомат,Пусан,0,2,2199,3500000,0.718
Kia,K5,2022,4,65511,Дизель,Автомат,Ульсан,0,1,1600,14400000,1.063
Kia,K5,2026,0,1817,Дизель,Автомат,Инчхон,1,3,2199,22100000,0.616
Kia,Sorento,2022,4,76206,Бензин,Автомат,Ульсан,0,2,2999,17500000,1.328
Ssangyong,Torres,2023,3,47463,Бензин,Автомат,Ульсан,0,2,2199,18800000,1.195
Kia,Sportage,2016,10,134348,Гибрид,Автомат,Инчхон,0,3,2497,4600000,0.882
Hyundai,Tucson,2019,7,89782,Дизель,Автомат,Кёнгидо (Ансан),0,1,2497,6400000,0.924
Chevrolet,Trailblazer,2026,0,500,Бензин,Автомат,Пусан,1,1,2497,23600000,0.654
Hyundai,Avante,2026,0,7819,Бензин,Автомат,Пусан,0,3,1600,19800000,0.718
Hyundai,Avante,2018,8,122435,Бензин,Автомат,Инчхон,0,2,2999,3000000,0.718
Hyundai,Santa Fe,2023,3,46551,Дизель,Автомат,Пусан,1,2,2999,19500000,0.996
Hyundai,Santa Fe,2024,2,25092,Дизель,Автомат,Ульсан,0,3,2999,24900000,1.328
Ssangyong,Torres,2021,5,103192,Бензин,Автомат,Пусан,0,2,1600,14200000,1.195
Ssangyong,Torres,2018,8,161339,Бензин,Автомат,Ульсан,0,3,1600,4500000,0.924
Hyundai,Avante,2022,4,64986,Гибрид,Автомат,Ульсан,1,2,2497,7700000,0.631
Kia,Sportage,2016,10,162953,Дизель,Автомат,Ульсан,0,2,1998,4600000,0.975
Kia,Sportage,2017,9,106692,Бензин,Автомат,Инчхон,1,1,2497,4600000,0.731
Hyundai,Tucson,2023,3,55769,Дизель,Автомат,Тэгу,0,3,1998,22700000,1.195
Hyundai,Sonata,2017,9,132734,Гибрид,Автомат,Сеул,1,3,2999,4000000,0.557
Ssangyong,Torres,2019,7,126039,Дизель,Автомат,Пусан,1,2,1600,5100000,0.693
Renault Korea,QM6,2025,1,8008,Дизель,Автомат,Тэгу,0,1,2199,24300000,0.872
Kia,K5,2023,3,45733,Бензин,Автомат,Тэгу,0,1,2497,17900000,1.063
Hyundai,Sonata,2016,10,206294,Гибрид,Автомат,Инчхон,0,2,2199,4000000,0.743
Genesis,G80,2024,2,42992,Гибрид,Автомат,Кёнгидо (Ансан),0,3,2999,40000000,1.322
Hyundai,Tucson,2026,0,500,Бензин,Автомат,Сеул,0,2,1998,32700000,0.924
Chevrolet,Trailblazer,2018,8,103068,Гибрид,Автомат,Инчхон,1,3,2199,4200000,0.592
Genesis,G80,2024,2,28757,Дизель,Механика,Пусан,0,1,2199,41000000,1.143
Kia,Sportage,2023,3,57711,LPG,Автомат,Инчхон,0,2,2199,22200000,1.142
Hyundai,Sonata,2020,6,85035,Бензин,Автомат,Кёнгидо (Ансан),0,1,1600,9800000,1.063
Kia,Carnival,2018,8,113719,Бензин,Автомат,Тэгу,0,2,1600,6400000,1.078
Hyundai,Santa Fe,2018,8,108787,LPG,Автомат,Кёнгидо (Ансан),1,1,2497,5700000,0.696
Hyundai,Sonata,2018,8,103067,Гибрид,Механика,Инчхон,0,2,1600,4900000,0.581
Ssangyong,Torres,2020,6,84960,Дизель,Автомат,Кёнгидо (Ансан),0,3,2497,12700000,1.195
Chevrolet,Trailblazer,2026,0,500,Бензин,Автомат,Тэгу,0,2,2199,28600000,0.872
Renault Korea,QM6,2021,5,77503,Бензин,Автомат,Ульсан,0,1,2199,11600000,1.129
Kia,Carnival,2017,9,158964,Дизель,Автомат,Сеул,0,2,2497,6300000,1.078
Kia,Sorento,2017,9,115186,Бензин,Автомат,Тэгу,0,1,2999,5600000,1.026
Hyundai,Santa Fe,2024,2,23168,Бензин,Автомат,Сеул,0,1,2999,28800000,1.328
Kia,Sorento,2026,0,5795,Бензин,Автомат,Ульсан,0,1,1600,36800000,1.026
Hyundai,Tucson,2023,3,47785,LPG,Автомат,Инчхон,0,3,2999,22100000,1.082
Kia,Sorento,2016,10,129794,Бензин,Автомат,Ульсан,0,1,1600,5600000,1.026
Kia,K5,2018,8,77084,Бензин,Автомат,Инчхон,1,3,1998,3900000,0.616
Hyundai,Tucson,2017,9,128829,Дизель,Автомат,Пусан,0,2,1998,4800000,0.924
Kia,Sportage,2018,8,87215,Дизель,Автомат,Кёнгидо (Ансан),0,3,2999,4600000,0.975
Hyundai,Avante,2020,6,91425,Дизель,Автомат,Инчхон,0,2,2999,6300000,0.93
Hyundai,Tucson,2020,6,60584,Дизель,Автомат,Пусан,0,2,2999,8200000,1.195
Genesis,G80,2023,3,44506,Гибрид,Автомат,Сеул,0,1,2999,35100000,1.322
Hyundai,Tucson,2017,9,181926,Гибрид,Автомат,Ульсан,1,3,2999,4800000,0.627
Hyundai,Santa Fe,2017,9,98185,Бензин,Автомат,Инчхон,1,1,2497,5700000,0.77
Hyundai,Tucson,2025,1,18124,Бензин,Автомат,Инчхон,0,2,1998,30500000,0.924
Hyundai,Avante,2024,2,38102,Бензин,Автомат,Сеул,0,3,2999,14900000,0.93
Renault Korea,QM6,2026,0,500,Гибрид,Автомат,Сеул,0,1,1998,24500000,0.789
Hyundai,Tucson,2018,8,194185,Бензин,Автомат,Тэгу,0,3,1600,4800000,0.924
Hyundai,Tucson,2024,2,30429,Гибрид,Автомат,Сеул,0,1,2497,26600000,1.082
Genesis,G80,2018,8,95379,Бензин,Автомат,Кёнгидо (Ансан),0,3,2999,8200000,1.129
Hyundai,Avante,2022,4,80240,Дизель,Автомат,Ульсан,0,1,1998,10300000,0.93
Genesis,G80,2024,2,18427,Бензин,Автомат,Ульсан,0,2,1600,40800000,1.461
Kia,K5,2024,2,34215,Бензин,Автомат,Сеул,0,2,2199,19600000,1.063
Kia,Sportage,2021,5,81625,Бензин,Автомат,Инчхон,0,1,1600,15000000,1.262
Kia,Carnival,2023,3,27182,Гибрид,Автомат,Сеул,0,1,2999,29000000,1.262
Hyundai,Tucson,2019,7,95525,Бензин,Автомат,Инчхон,0,3,1600,5700000,0.924
Renault Korea,QM6,2020,6,113583,Бензин,Автомат,Тэгу,1,3,1998,5000000,0.847
Hyundai,Santa Fe,2020,6,70214,Бензин,Автомат,Тэгу,0,2,1998,13000000,1.328
Kia,Carnival,2023,3,50686,Гибрид,Автомат,Пусан,1,3,2497,23300000,0.946
Hyundai,Tucson,2020,6,76469,Дизель,Автомат,Кёнгидо (Ансан),1,2,2497,5000000,0.897
Hyundai,Sonata,2020,6,103345,Дизель,Автомат,Тэгу,0,2,2199,10000000,1.063
Genesis,G80,2016,10,193948,Дизель,Автомат,Пусан,1,2,2199,8200000,0.847
Genesis,G80,2019,7,138788,Гибрид,Автомат,Инчхон,0,2,2999,15500000,1.021
Renault Korea,QM6,2026,0,500,Бензин,Автомат,Сеул,0,2,2199,24800000,0.872
Hyundai,Avante,2019,7,102517,Дизель,Автомат,Сеул,0,2,1998,4000000,0.718
Kia,Carnival,2024,2,26353,Дизель,Автомат,Ульсан,0,1,2999,32000000,1.395
Hyundai,Sonata,2025,1,22859,Гибрид,Механика,Пусан,0,1,1998,24900000,0.581
Hyundai,Avante,2023,3,28752,Дизель,Автомат,Тэгу,0,2,2199,13200000,0.93
Hyundai,Avante,2022,4,61292,Дизель,Автомат,Ульсан,0,1,1998,9600000,0.93
Kia,Sportage,2026,0,500,Дизель,Автомат,Инчхон,0,2,2497,28700000,0.975
Kia,Carnival,2016,10,175275,Гибрид,Автомат,Сеул,0,1,2999,6300000,0.975
Hyundai,Santa Fe,2025,1,18729,LPG,Автомат,Ульсан,1,1,2999,28900000,0.696
Hyundai,Tucson,2025,1,10905,Дизель,Автомат,Сеул,0,1,2199,28500000,0.924
Kia,Carnival,2023,3,31663,Бензин,Механика,Тэгу,0,1,2497,28000000,1.091
Kia,Sorento,2017,9,131291,Бензин,Автомат,Ульсан,1,3,1998,5600000,0.77
Kia,Sportage,2020,6,104109,Бензин,Механика,Сеул,0,2,2497,6900000,0.988
Genesis,G80,2025,1,3317,Гибрид,Автомат,Тэгу,1,3,2497,40800000,0.766
Kia,K5,2019,7,91307,Бензин,Автомат,Сеул,0,1,2999,5200000,0.821
Ssangyong,Torres,2021,5,61221,Дизель,Автомат,Сеул,0,2,1600,13900000,1.195
Hyundai,Avante,2021,5,74657,Дизель,Автомат,Пусан,0,2,2199,8300000,0.93
Hyundai,Avante,2024,2,36610,Дизель,Автомат,Инчхон,0,2,1600,15800000,0.93
Kia,Carnival,2016,10,153016,Бензин,Автомат,Инчхон,0,3,1998,6300000,1.078
Renault Korea,QM6,2024,2,23566,Дизель,Автомат,Пусан,1,2,1998,15100000,0.847
Kia,Sportage,2017,9,113783,Бензин,Автомат,Кёнгидо (Ансан),0,1,1600,4600000,0.975
Hyundai,Tucson,2024,2,44947,Гибрид,Автомат,Кёнгидо (Ансан),0,2,1600,26900000,1.082
Genesis,G80,2023,3,56185,Гибрид,Автомат,Инчхон,0,2,2497,35400000,1.322
Genesis,G80,2024,2,17580,Бензин,Автомат,Пусан,0,3,1600,38500000,1.461
Renault Korea,QM6,2020,6,101217,Бензин,Автомат,Тэгу,0,3,2999,6200000,1.129
Kia,K5,2020,6,120974,Бензин,Механика,Ульсан,1,3,1998,4300000,0.624
Kia,Carnival,2016,10,162900,Бензин,Автомат,Кёнгидо (Ансан),0,3,1998,6300000,1.078
Ssangyong,Torres,2025,1,23954,Бензин,Автомат,Сеул,0,2,2999,25400000,0.924
Genesis,G80,2019,7,107276,Дизель,Автомат,Инчхон,0,1,2999,15300000,1.129
Hyundai,Avante,2021,5,92567,Бензин,Автомат,Ульсан,0,3,1998,8900000,0.93
Hyundai,Santa Fe,2025,1,13018,Дизель,Автомат,Пусан,1,1,1600,30700000,0.77
Renault Korea,QM6,2026,0,4056,Гибрид,Автомат,Сеул,0,2,2497,27300000,0.789
Kia,Sportage,2024,2,29949,Бензин,Автомат,Тэгу,0,1,2497,24900000,1.262
Kia,Carnival,2022,4,48571,Дизель,Автомат,Кёнгидо (Ансан),1,1,1998,19000000,1.046
Ssangyong,Torres,2018,8,128932,Дизель,Автомат,Тэгу,0,3,1998,4500000,0.924
Hyundai,Sonata,2022,4,45220,Дизель,Автомат,Тэгу,0,1,2999,14500000,1.063
Kia,Sportage,2025,1,22424,Дизель,Механика,Пусан,1,2,2199,24300000,0.572
Kia,K5,2021,5,62660,Дизель,Автомат,Инчхон,0,2,2199,9700000,1.063
Kia,K5,2026,0,1761,Бензин,Автомат,Ульсан,0,1,1998,24900000,0.821
Kia,K5,2019,7,87672,Дизель,Автомат,Ульсан,1,3,1998,3900000,0.616
Ssangyong,Torres,2022,4,51242,LPG,Автомат,Кёнгидо (Ансан),0,1,2999,15300000,1.082
Genesis,G80,2024,2,32346,Бензин,Автомат,Инчхон,0,2,2999,47200000,1.461
Hyundai,Sonata,2019,7,64427,Гибрид,Механика,Тэгу,0,2,1600,7000000,0.581
Renault Korea,QM6,2025,1,23812,Бензин,Автомат,Инчхон,0,1,2999,22600000,0.872
Hyundai,Sonata,2018,8,122090,Бензин,Автомат,Пусан,0,3,1998,4000000,0.821
Kia,Sorento,2016,10,174749,Гибрид,Автомат,Ульсан,0,3,1600,5600000,0.929
Hyundai,Tucson,2016,10,166151,Бензин,Автомат,Пусан,0,1,1998,4800000,0.924
Kia,Sorento,2025,1,10091,Бензин,Автомат,Сеул,0,2,2497,31100000,1.026
Kia,Sportage,2023,3,46517,Бензин,Автомат,Ульсан,0,3,2999,19900000,1.262
Hyundai,Tucson,2021,5,85959,Дизель,Автомат,Кёнгидо (Ансан),0,2,2497,15200000,1.195
Kia,Carnival,2017,9,147158,Дизель,Автомат,Кёнгидо (Ансан),0,3,2497,6300000,1.078
Kia,Sportage,2024,2,32853,Бензин,Автомат,Тэгу,0,3,2497,22900000,1.262
Genesis,G80,2021,5,64790,Бензин,Автомат,Пусан,0,2,1600,25400000,1.461
Ssangyong,Torres,2017,9,154677,LPG,Автомат,Пусан,0,3,1600,4500000,0.836
Genesis,G80,2024,2,37507,Дизель,Автомат,Сеул,0,3,1600,42300000,1.461
Ssangyong,Torres,2026,0,500,Бензин,Автомат,Инчхон,0,3,2999,29700000,0.924
Chevrolet,Trailblazer,2026,0,4105,Гибрид,Автомат,Сеул,0,3,1600,25100000,0.789
Hyundai,Avante,2021,5,66800,Бензин,Автомат,Кёнгидо (Ансан),1,3,2999,6200000,0.697
Renault Korea,QM6,2016,10,164890,Дизель,Автомат,Сеул,0,1,2199,3900000,0.872
Hyundai,Avante,2020,6,62300,LPG,Автомат,Тэгу,0,2,1600,5300000,0.841
Kia,Sorento,2026,0,1852,Дизель,Автомат,Пусан,0,2,2497,34000000,1.026
Hyundai,Sonata,2020,6,106104,Гибрид,Автомат,Кёнгидо (Ансан),1,3,1600,7500000,0.721
Hyundai,Santa Fe,2016,10,209857,Дизель,Автомат,Ульсан,0,3,2497,5700000,1.026
Ssangyong,Torres,2018,8,129206,Бензин,Автомат,Кёнгидо (Ансан),0,3,2497,4500000,0.924
Kia,K5,2025,1,13442,Гибрид,Автомат,Инчхон,1,1,2999,19100000,0.557
Renault Korea,QM6,2022,4,55030,Гибрид,Механика,Пусан,1,1,1600,12500000,0.6
Hyundai,Sonata,2025,1,8629,Бензин,Механика,Кёнгидо (Ансан),0,3,2999,21700000,0.643
Kia,Sorento,2023,3,38108,Бензин,Автомат,Пусан,0,3,2497,23500000,1.328
Chevrolet,Trailblazer,2016,10,193914,Бензин,Автомат,Ульсан,0,2,2497,4200000,0.872
Ssangyong,Torres,2016,10,160636,Гибрид,Автомат,Ульсан,1,2,1600,4500000,0.627
Hyundai,Tucson,2022,4,50498,Дизель,Автомат,Ульсан,0,2,1600,17100000,1.195
Kia,Sorento,2025,1,22182,Гибрид,Автомат,Сеул,0,3,1998,31800000,0.929
Kia,Sportage,2025,1,18776,Бензин,Автомат,Кёнгидо (Ансан),0,2,1998,28100000,0.975
Kia,Sorento,2026,0,500,Гибрид,Автомат,Сеул,0,2,2497,36000000,0.929
Kia,K5,2024,2,24958,Дизель,Автомат,Пусан,0,1,2497,21400000,1.063
Kia,K5,2023,3,45567,Дизель,Автомат,Пусан,0,2,1998,15200000,1.063
Hyundai,Avante,2023,3,52013,Дизель,Автомат,Сеул,0,1,1600,13000000,0.93
Kia,Carnival,2026,0,5556,Бензин,Автомат,Кёнгидо (Ансан),0,3,2199,39900000,1.078
Renault Korea,QM6,2018,8,99834,Бензин,Автомат,Сеул,0,2,1600,3900000,0.872
Kia,Sorento,2022,4,61270,Дизель,Автомат,Ульсан,0,3,1600,22600000,1.328
Kia,Carnival,2021,5,91171,Бензин,Автомат,Инчхон,0,1,1998,17700000,1.395
Chevrolet,Trailblazer,2022,4,42395,Гибрид,Автомат,Инчхон,0,3,1998,16000000,1.021
Kia,Carnival,2024,2,29778,Бензин,Автомат,Кёнгидо (Ансан),0,1,2199,31300000,1.395
Genesis,G80,2017,9,159199,Гибрид,Автомат,Тэгу,0,2,2999,8200000,1.021
Chevrolet,Trailblazer,2018,8,152348,Бензин,Автомат,Тэгу,1,2,2199,4200000,0.654
Hyundai,Sonata,2022,4,73031,Бензин,Автомат,Тэгу,1,1,2199,12500000,0.797
Kia,Sportage,2020,6,113231,Бензин,Автомат,Тэгу,0,1,2497,12100000,1.262
Kia,Carnival,2021,5,61248,Гибрид,Автомат,Тэгу,0,1,2497,19500000,1.262
Ssangyong,Torres,2024,2,25845,Бензин,Автомат,Ульсан,0,1,2199,24100000,1.195
Hyundai,Santa Fe,2026,0,3522,Бензин,Автомат,Кёнгидо (Ансан),0,3,2199,34200000,1.026
Genesis,G80,2026,0,500,Бензин,Автомат,Кёнгидо (Ансан),0,3,1600,52100000,1.129
Hyundai,Santa Fe,2023,3,16532,Гибрид,Автомат,Сеул,0,2,1998,27200000,1.202
Kia,K5,2024,2,14997,Бензин,Автомат,Сеул,0,2,2497,20500000,1.063
Hyundai,Tucson,2016,10,116287,Бензин,Автомат,Пусан,1,2,1600,4800000,0.693
Kia,Sorento,2025,1,20677,Бензин,Автомат,Инчхон,0,2,1998,33500000,1.026
Chevrolet,Trailblazer,2022,4,52393,LPG,Автомат,Ульсан,0,3,2999,15400000,1.021
Kia,Sportage,2021,5,38225,Бензин,Автомат,Кёнгидо (Ансан),0,3,2497,13000000,1.262
Hyundai,Sonata,2026,0,500,Бензин,Автомат,Сеул,0,1,1998,25700000,0.821
Hyundai,Avante,2017,9,132765,Дизель,Автомат,Сеул,0,3,1600,3000000,0.718
Genesis,G80,2019,7,101484,Бензин,Автомат,Инчхон,0,1,1600,13700000,1.129
Hyundai,Santa Fe,2016,10,182155,Бензин,Автомат,Ульсан,0,2,1600,5700000,1.026
Genesis,G80,2016,10,215836,Бензин,Автомат,Инчхон,1,3,2199,8200000,0.847
Kia,K5,2024,2,25495,Бензин,Механика,Инчхон,0,1,1600,19700000,0.832
Genesis,G80,2024,2,27278,Гибрид,Автомат,Кёнгидо (Ансан),0,3,2199,41500000,1.322
Hyundai,Tucson,2017,9,132956,Дизель,Автомат,Пусан,0,2,2999,4800000,0.924
Chevrolet,Trailblazer,2018,8,113974,Дизель,Автомат,Тэгу,1,3,2199,4200000,0.654
Hyundai,Tucson,2016,10,152839,Бензин,Автомат,Ульсан,0,2,1998,4800000,0.924
Kia,Sportage,2022,4,43557,Дизель,Автомат,Сеул,0,3,2199,19600000,1.262
Hyundai,Avante,2024,2,31998,Бензин,Автомат,Пусан,1,2,2999,14300000,0.697
Hyundai,Sonata,2020,6,109254,Бензин,Механика,Пусан,0,1,2999,10600000,0.832
Kia,Carnival,2019,7,106978,Бензин,Автомат,Ульсан,1,1,2497,6300000,0.808
Kia,Carnival,2023,3,34826,Дизель,Автомат,Кёнгидо (Ансан),0,3,2199,26700000,1.395
Hyundai,Santa Fe,2023,3,48955,LPG,Автомат,Тэгу,0,3,2199,25800000,1.202
Hyundai,Santa Fe,2021,5,88880,Дизель,Автомат,Сеул,0,3,1600,15800000,1.328
Hyundai,Tucson,2025,1,18734,Бензин,Автомат,Тэгу,0,3,2199,28800000,0.924
Kia,Carnival,2018,8,87843,Бензин,Автомат,Тэгу,0,3,2199,6300000,1.078
Ssangyong,Torres,2025,1,23705,Дизель,Автомат,Пусан,1,3,2999,21200000,0.693
Ssangyong,Torres,2026,0,500,Дизель,Автомат,Ульсан,1,3,2497,26400000,0.693
Kia,K5,2019,7,110259,Дизель,Автомат,Инчхон,0,3,1998,5000000,0.821
Chevrolet,Trailblazer,2025,1,17310,Бензин,Автомат,Кёнгидо (Ансан),0,2,2497,24400000,0.872
Kia,Sportage,2025,1,10848,Гибрид,Автомат,Инчхон,0,1,2497,27300000,0.882
Chevrolet,Trailblazer,2021,5,57144,Гибрид,Автомат,Сеул,0,1,2999,10900000,1.021
Kia,Sorento,2026,0,500,Дизель,Автомат,Кёнгидо (Ансан),0,3,2199,37500000,1.026
Hyundai,Tucson,2026,0,3585,Дизель,Автомат,Пусан,0,3,1998,28300000,0.924
Hyundai,Avante,2018,8,121030,Бензин,Автомат,Пусан,0,1,1998,3400000,0.718
Chevrolet,Trailblazer,2025,1,16232,Гибрид,Автомат,Сеул,0,1,2199,23100000,0.789
Hyundai,Sonata,2021,5,105266,Гибрид,Автомат,Ульсан,0,2,2999,12100000,0.961
Hyundai,Santa Fe,2021,5,65277,Дизель,Механика,Тэгу,1,3,1998,12700000,0.78
Chevrolet,Trailblazer,2025,1,7709,Дизель,Автомат,Ульсан,0,3,2999,22800000,0.872
Ssangyong,Torres,2021,5,49113,Гибрид,Автомат,Инчхон,0,1,1998,12100000,1.082
Chevrolet,Trailblazer,2016,10,161000,Бензин,Автомат,Тэгу,0,2,1600,4200000,0.872
Hyundai,Sonata,2022,4,84582,Бензин,Автомат,Ульсан,0,1,2199,15400000,1.063
Kia,Sportage,2026,0,500,Бензин,Автомат,Сеул,1,3,2999,26500000,0.731
Chevrolet,Trailblazer,2022,4,77180,Дизель,Автомат,Пусан,0,2,2199,14500000,1.129
Chevrolet,Trailblazer,2024,2,26035,Гибрид,Автомат,Кёнгидо (Ансан),0,2,1600,21200000,1.021
Hyundai,Santa Fe,2022,4,62419,Дизель,Автомат,Инчхон,0,3,1600,21900000,1.328
Kia,K5,2026,0,500,Дизель,Автомат,Инчхон,0,2,2199,25400000,0.821
Hyundai,Tucson,2026,0,5545,Гибрид,Автомат,Ульсан,0,3,2199,31000000,0.836
Hyundai,Santa Fe,2016,10,141170,Дизель,Автомат,Ульсан,0,3,2199,5700000,1.026
Hyundai,Tucson,2017,9,128002,Дизель,Автомат,Ульсан,0,1,1998,4800000,0.924
Kia,Sportage,2016,10,162603,LPG,Автомат,Сеул,0,3,1998,4600000,0.882
Ssangyong,Torres,2019,7,80254,Бензин,Автомат,Сеул,0,2,2199,7000000,0.924
Genesis,G80,2017,9,122727,Бензин,Автомат,Пусан,1,3,2199,8200000,0.847
Kia,Sportage,2020,6,107509,Дизель,Автомат,Тэгу,1,1,2497,5100000,0.946
Kia,Carnival,2016,10,131319,Гибрид,Механика,Ульсан,0,1,2497,6300000,0.763
Ssangyong,Torres,2016,10,180062,Гибрид,Автомат,Пусан,1,2,2199,4500000,0.627
Genesis,G80,2023,3,54932,LPG,Автомат,Сеул,0,3,2999,33200000,1.322
Genesis,G80,2024,2,27933,Бензин,Автомат,Сеул,0,1,1600,34300000,1.461
Hyundai,Santa Fe,2021,5,64186,Гибрид,Автомат,Сеул,0,2,2497,16400000,1.202
Hyundai,Santa Fe,2022,4,90039,Дизель,Автомат,Кёнгидо (Ансан),1,1,2199,17800000,0.996
Hyundai,Tucson,2026,0,2639,Бензин,Автомат,Сеул,0,3,2199,31000000,0.924
Genesis,G80,2018,8,100176,Дизель,Автомат,Кёнгидо (Ансан),0,3,2497,8600000,1.129
Kia,K5,2020,6,85619,LPG,Автомат,Инчхон,0,1,1998,8200000,0.961
Kia,K5,2024,2,16450,Бензин,Автомат,Ульсан,1,1,1600,17400000,0.797
Kia,Carnival,2017,9,130797,Гибрид,Автомат,Кёнгидо (Ансан),1,3,2199,6300000,0.731
Kia,K5,2019,7,82848,Бензин,Автомат,Инчхон,0,2,1998,5400000,0.821
Kia,Sportage,2022,4,65358,Гибрид,Автомат,Кёнгидо (Ансан),1,3,2497,12500000,0.856
Genesis,G80,2025,1,16180,Бензин,Автомат,Пусан,0,1,2497,50600000,1.129
Hyundai,Sonata,2025,1,22199,Дизель,Автомат,Сеул,0,3,1600,25000000,0.821
Genesis,G80,2017,9,155193,Бензин,Автомат,Кёнгидо (Ансан),0,2,2497,8200000,1.129
Hyundai,Tucson,2018,8,120844,Бензин,Автомат,Тэгу,0,1,2199,4800000,0.924
Renault Korea,QM6,2025,1,16410,Бензин,Автомат,Сеул,0,3,2199,22700000,0.872
Renault Korea,QM6,2020,6,81843,Бензин,Механика,Сеул,0,2,1998,8700000,0.884
Hyundai,Avante,2026,0,500,Гибрид,Автомат,Пусан,1,2,2999,18000000,0.488
Genesis,G80,2024,2,32354,Гибрид,Автомат,Сеул,0,1,2497,38200000,1.322
Renault Korea,QM6,2019,7,95381,Гибрид,Автомат,Сеул,0,1,1600,7800000,0.789
Kia,Sportage,2017,9,142408,Гибрид,Автомат,Кёнгидо (Ансан),0,2,1998,4600000,0.882
Kia,K5,2025,1,16821,Дизель,Автомат,Сеул,0,2,1998,22900000,0.821
Ssangyong,Torres,2020,6,135137,Дизель,Автомат,Ульсан,1,3,1600,8100000,0.897
Hyundai,Tucson,2025,1,15416,Дизель,Автомат,Сеул,0,1,2199,27000000,0.924
Kia,Carnival,2018,8,135741,Дизель,Автомат,Ульсан,0,3,2999,6300000,1.078
Renault Korea,QM6,2025,1,11020,LPG,Автомат,Тэгу,0,2,2199,23100000,0.789
Genesis,G80,2026,0,500,Бензин,Автомат,Кёнгидо (Ансан),0,3,2999,58400000,1.129
Hyundai,Sonata,2020,6,61533,Дизель,Механика,Инчхон,0,2,1998,11000000,0.832
Hyundai,Sonata,2018,8,103488,Дизель,Автомат,Ульсан,0,1,2199,4000000,0.821
Ssangyong,Torres,2023,3,47110,Бензин,Автомат,Пусан,0,3,1998,21100000,1.195
Kia,Sorento,2025,1,17712,Бензин,Автомат,Ульсан,1,3,2497,30900000,0.77
Kia,Sportage,2024,2,33436,Гибрид,Автомат,Кёнгидо (Ансан),0,1,2999,23900000,1.142
Kia,K5,2025,1,15880,LPG,Автомат,Тэгу,0,2,2199,23400000,0.743
Hyundai,Santa Fe,2016,10,126375,Дизель,Автомат,Ульсан,0,3,2497,5700000,1.026
Kia,K5,2022,4,78300,Дизель,Автомат,Инчхон,0,1,1998,11800000,1.063
Hyundai,Avante,2016,10,136190,Дизель,Автомат,Тэгу,1,1,2497,3000000,0.539
Genesis,G80,2016,10,111255,Бензин,Автомат,Инчхон,0,2,1998,8200000,1.129
Chevrolet,Trailblazer,2022,4,59413,Бензин,Автомат,Пусан,0,1,1998,17200000,1.129
Kia,Carnival,2022,4,73795,Гибрид,Автомат,Инчхон,0,2,2497,26100000,1.262
Genesis,G80,2016,10,152293,Бензин,Автомат,Сеул,0,3,2999,8200000,1.129
Hyundai,Sonata,2020,6,84476,Гибрид,Автомат,Сеул,0,1,2199,10000000,0.961
Hyundai,Santa Fe,2019,7,104775,Бензин,Автомат,Сеул,0,3,2999,10400000,1.026
Kia,Sorento,2022,4,64706,Дизель,Автомат,Пусан,1,2,2497,14800000,0.996
Kia,Carnival,2022,4,58512,LPG,Автомат,Пусан,0,2,1600,21800000,1.262
Kia,K5,2020,6,101131,Дизель,Автомат,Пусан,1,2,1600,4300000,0.797
Kia,Sportage,2019,7,88709,Бензин,Автомат,Кёнгидо (Ансан),0,2,2199,5800000,0.975
Kia,Carnival,2022,4,52904,Бензин,Автомат,Инчхон,0,2,1600,24500000,1.395
Renault Korea,QM6,2025,1,17933,Дизель,Механика,Сеул,0,2,2199,22100000,0.683
Chevrolet,Trailblazer,2020,6,75648,Гибрид,Механика,Инчхон,0,2,2199,12000000,0.799
Hyundai,Santa Fe,2023,3,44221,Бензин,Автомат,Ульсан,0,3,1998,25100000,1.328
Chevrolet,Trailblazer,2019,7,86231,Бензин,Автомат,Тэгу,0,2,1600,7400000,0.872
Hyundai,Avante,2020,6,57133,Бензин,Автомат,Сеул,0,1,2199,7800000,0.93
Kia,Sorento,2022,4,67879,Бензин,Автомат,Инчхон,0,2,1600,19400000,1.328
Kia,K5,2024,2,26049,Бензин,Автомат,Ульсан,1,3,1998,19700000,0.797
Ssangyong,Torres,2020,6,116956,Дизель,Автомат,Сеул,1,3,1998,5000000,0.897
Hyundai,Sonata,2021,5,103907,Дизель,Механика,Пусан,0,1,2999,10800000,0.832
Chevrolet,Trailblazer,2021,5,55214,Бензин,Автомат,Инчхон,0,1,2497,9100000,1.129
Hyundai,Avante,2024,2,48318,Бензин,Автомат,Ульсан,0,2,1600,18400000,0.93
Renault Korea,QM6,2021,5,69158,Дизель,Автомат,Пусан,0,3,1600,11300000,1.129
Kia,Carnival,2023,3,51147,Гибрид,Автомат,Кёнгидо (Ансан),0,2,2497,23600000,1.262
Hyundai,Tucson,2026,0,500,Гибрид,Автомат,Пусан,0,1,1600,33100000,0.836
Kia,Sportage,2017,9,155711,Бензин,Автомат,Ульсан,0,1,2199,4600000,0.975
Kia,K5,2024,2,29933,LPG,Автомат,Тэгу,0,1,2497,21400000,0.961
Hyundai,Sonata,2022,4,73394,Дизель,Автомат,Сеул,1,1,1998,12500000,0.797
Kia,K5,2017,9,141626,Бензин,Механика,Сеул,1,1,1600,3900000,0.482
Hyundai,Sonata,2020,6,96539,Дизель,Автомат,Кёнгидо (Ансан),0,3,2199,10500000,1.063
Kia,K5,2022,4,69158,Гибрид,Автомат,Сеул,0,2,1998,14600000,0.961
Kia,Sportage,2017,9,139573,Бензин,Автомат,Сеул,0,2,2497,4600000,0.975
Kia,Sorento,2021,5,88358,Бензин,Автомат,Тэгу,0,2,2497,16500000,1.328
Hyundai,Sonata,2025,1,8357,Дизель,Автомат,Тэгу,1,1,1600,22700000,0.616
Kia,Carnival,2023,3,59586,Гибрид,Автомат,Тэгу,0,3,2497,27300000,1.262
Kia,Carnival,2020,6,90575,Бензин,Автомат,Ульсан,0,1,1600,13400000,1.395
Kia,K5,2019,7,126662,Бензин,Автомат,Тэгу,0,3,2497,4600000,0.821
Hyundai,Sonata,2025,1,18882,Дизель,Механика,Тэгу,0,2,2497,23900000,0.643
Kia,Sportage,2018,8,138915,Дизель,Автомат,Сеул,0,3,1600,4600000,0.975
Kia,Sorento,2026,0,500,Гибрид,Автомат,Кёнгидо (Ансан),1,3,2199,30600000,0.696
Hyundai,Sonata,2022,4,47063,LPG,Автомат,Тэгу,0,2,1998,15400000,0.961
Kia,Carnival,2024,2,38964,Дизель,Автомат,Сеул,0,1,2199,31700000,1.395
Chevrolet,Trailblazer,2018,8,97513,LPG,Автомат,Инчхон,1,3,2497,4200000,0.592
Chevrolet,Trailblazer,2022,4,56591,Гибрид,Автомат,Кёнгидо (Ансан),0,1,1998,14400000,1.021
Chevrolet,Trailblazer,2024,2,27799,Гибрид,Автомат,Тэгу,1,3,2199,17600000,0.766
Hyundai,Santa Fe,2022,4,54928,Бензин,Автомат,Тэгу,0,3,2999,19000000,1.328
Hyundai,Tucson,2023,3,49328,Дизель,Автомат,Инчхон,0,3,2199,23400000,1.195
Hyundai,Santa Fe,2018,8,127065,Бензин,Автомат,Ульсан,0,1,2497,5700000,1.026
Chevrolet,Trailblazer,2026,0,500,Бензин,Автомат,Ульсан,1,2,2199,27100000,0.654
Chevrolet,Trailblazer,2026,0,2523,Дизель,Автомат,Ульсан,0,3,2999,28300000,0.872
Ssangyong,Torres,2026,0,500,Гибрид,Автомат,Ульсан,1,1,2497,27200000,0.627
Kia,K5,2021,5,85371,Бензин,Механика,Сеул,0,2,1600,12500000,0.832
Kia,K5,2017,9,154827,Бензин,Автомат,Ульсан,0,2,2497,3900000,0.821
Genesis,G80,2021,5,93299,Бензин,Автомат,Инчхон,0,1,2999,27000000,1.461
Ssangyong,Torres,2016,10,165738,LPG,Автомат,Сеул,0,3,1998,4500000,0.836
Hyundai,Sonata,2017,9,129383,Бензин,Автомат,Тэгу,0,3,1998,4000000,0.821
Hyundai,Tucson,2022,4,53257,Бензин,Автомат,Ульсан,0,2,2199,19900000,1.195
Kia,Sorento,2023,3,55700,Бензин,Автомат,Ульсан,0,1,1600,23300000,1.328
Chevrolet,Trailblazer,2023,3,55356,Дизель,Автомат,Пусан,0,1,2497,18600000,1.129
Renault Korea,QM6,2024,2,40765,Бензин,Автомат,Инчхон,1,2,2199,15300000,0.847
Hyundai,Sonata,2016,10,178632,Бензин,Автомат,Ульсан,1,3,1998,4000000,0.616
Ssangyong,Torres,2019,7,143917,Дизель,Автомат,Кёнгидо (Ансан),1,2,2199,4500000,0.693
Kia,Carnival,2018,8,106388,LPG,Автомат,Кёнгидо (Ансан),1,3,1600,6300000,0.731
Genesis,G80,2025,1,18326,Бензин,Автомат,Кёнгидо (Ансан),1,1,2199,44700000,0.847
Hyundai,Tucson,2019,7,105039,Дизель,Автомат,Инчхон,1,3,2999,4800000,0.693
Hyundai,Santa Fe,2025,1,10550,Гибрид,Автомат,Кёнгидо (Ансан),1,2,1998,30700000,0.696
Ssangyong,Torres,2023,3,37807,Бензин,Автомат,Сеул,0,1,2199,20900000,1.195
Hyundai,Sonata,2022,4,77211,Гибрид,Автомат,Кёнгидо (Ансан),1,1,2199,10700000,0.721
Renault Korea,QM6,2026,0,500,Бензин,Автомат,Тэгу,0,3,2199,23800000,0.872
Genesis,G80,2017,9,156079,Дизель,Автомат,Сеул,0,3,2497,8200000,1.129
Hyundai,Tucson,2023,3,50062,Дизель,Автомат,Ульсан,0,3,2199,21700000,1.195
Kia,Sorento,2020,6,98164,Дизель,Автомат,Тэгу,0,3,1998,10600000,1.328
Hyundai,Sonata,2026,0,1286,Бензин,Автомат,Кёнгидо (Ансан),0,1,1998,24900000,0.821
Genesis,G80,2022,4,47496,Гибрид,Автомат,Инчхон,0,2,2999,22800000,1.322
Hyundai,Santa Fe,2023,3,48051,LPG,Механика,Инчхон,0,1,1600,25400000,0.941
Chevrolet,Trailblazer,2024,2,35572,Дизель,Автомат,Инчхон,0,3,2199,21700000,1.129
Hyundai,Sonata,2020,6,68939,Дизель,Автомат,Сеул,0,3,2999,10100000,1.063
Hyundai,Tucson,2020,6,55017,Бензин,Автомат,Кёнгидо (Ансан),0,1,1998,13300000,1.195
Hyundai,Avante,2016,10,153304,Бензин,Автомат,Ульсан,0,3,1600,3000000,0.718
Kia,Sportage,2022,4,64203,Дизель,Автомат,Тэгу,0,1,2199,16000000,1.262
Ssangyong,Torres,2023,3,47183,Бензин,Автомат,Инчхон,0,1,2199,19700000,1.195
Kia,Carnival,2024,2,42200,Бензин,Автомат,Кёнгидо (Ансан),0,1,1998,32400000,1.395
Kia,Sportage,2021,5,58723,Гибрид,Автомат,Пусан,0,1,1998,13600000,1.142
Hyundai,Avante,2020,6,80935,Гибрид,Автомат,Ульсан,0,1,1998,7400000,0.841
Hyundai,Avante,2021,5,58138,Бензин,Автомат,Кёнгидо (Ансан),0,2,2999,11700000,0.93
Hyundai,Tucson,2017,9,199970,Дизель,Механика,Сеул,0,2,1600,4800000,0.723
Kia,Sportage,2018,8,88391,Бензин,Автомат,Кёнгидо (Ансан),0,2,1998,4600000,0.975
Hyundai,Santa Fe,2023,3,41257,Дизель,Автомат,Пусан,1,3,2497,21600000,0.996
Genesis,G80,2025,1,6864,Бензин,Автомат,Пусан,0,3,1600,44100000,1.129
Kia,Sorento,2024,2,32697,Гибрид,Автомат,Сеул,1,3,2497,22400000,0.901
Hyundai,Tucson,2024,2,32999,Дизель,Автомат,Сеул,0,2,1998,22400000,1.195
Hyundai,Santa Fe,2022,4,73257,Дизель,Автомат,Тэгу,1,1,2199,18800000,0.996
Hyundai,Avante,2022,4,55946,Гибрид,Автомат,Сеул,0,3,2999,10500000,0.841
Kia,K5,2023,3,42979,Дизель,Автомат,Сеул,0,2,2999,17900000,1.063
Genesis,G80,2019,7,60874,Дизель,Автомат,Инчхон,0,1,2497,15800000,1.129
Renault Korea,QM6,2021,5,74273,Дизель,Механика,Инчхон,0,2,1998,12300000,0.884
Genesis,G80,2025,1,16219,Бензин,Автомат,Сеул,0,2,1600,54500000,1.129
Renault Korea,QM6,2026,0,2047,Гибрид,Автомат,Инчхон,0,3,2497,26000000,0.789
Hyundai,Tucson,2017,9,128500,Гибрид,Автомат,Инчхон,0,3,1600,4800000,0.836
Kia,Sportage,2019,7,110438,Бензин,Автомат,Ульсан,0,3,2497,8000000,0.975
Chevrolet,Trailblazer,2020,6,89926,Гибрид,Автомат,Ульсан,0,3,1998,8400000,1.021
Kia,Sportage,2023,3,62987,Бензин,Автомат,Пусан,0,1,1998,22100000,1.262
Hyundai,Santa Fe,2026,0,500,Бензин,Автомат,Инчхон,0,1,2999,38700000,1.026
Hyundai,Sonata,2025,1,13130,Гибрид,Автомат,Инчхон,0,3,2497,23500000,0.743
Kia,K5,2019,7,78412,Дизель,Автомат,Пусан,1,2,1600,3900000,0.616
Kia,K5,2016,10,160067,Гибрид,Автомат,Пусан,0,3,1998,3900000,0.743
Hyundai,Avante,2024,2,15151,Дизель,Автомат,Сеул,1,1,2497,13800000,0.697
Chevrolet,Trailblazer,2018,8,108705,Дизель,Автомат,Ульсан,0,2,1998,4200000,0.872
Hyundai,Tucson,2024,2,35885,Гибрид,Автомат,Ульсан,0,3,2497,23400000,1.082
Chevrolet,Trailblazer,2025,1,18864,Дизель,Автомат,Пусан,0,3,1998,24400000,0.872
Ssangyong,Torres,2016,10,141128,Дизель,Механика,Тэгу,0,1,2999,4500000,0.723
Hyundai,Santa Fe,2017,9,139154,Гибрид,Автомат,Тэгу,0,1,2497,5700000,0.929
Kia,Carnival,2023,3,36874,Дизель,Автомат,Тэгу,0,1,2497,28600000,1.395
Kia,Sportage,2017,9,148817,Бензин,Автомат,Ульсан,0,2,2999,4600000,0.975
Hyundai,Santa Fe,2026,0,5306,Гибрид,Автомат,Пусан,0,1,1998,39100000,0.929
Hyundai,Santa Fe,2018,8,158513,Дизель,Автомат,Ульсан,0,1,2497,5700000,1.026
Ssangyong,Torres,2016,10,121192,Бензин,Автомат,Инчхон,0,1,2497,4500000,0.924
Chevrolet,Trailblazer,2017,9,116255,Бензин,Автомат,Кёнгидо (Ансан),0,3,1998,4200000,0.872
Renault Korea,QM6,2025,1,17678,Бензин,Автомат,Инчхон,0,1,2199,24300000,0.872
Hyundai,Tucson,2026,0,500,Дизель,Автомат,Пусан,0,3,2199,30100000,0.924
Hyundai,Sonata,2022,4,56981,Бензин,Автомат,Кёнгидо (Ансан),1,2,2199,13300000,0.797
Hyundai,Sonata,2022,4,55379,Гибрид,Автомат,Тэгу,1,3,2497,9800000,0.721
Ssangyong,Torres,2025,1,6980,Бензин,Автомат,Пусан,0,1,2999,27300000,0.924
Kia,Sportage,2024,2,22041,Гибрид,Автомат,Сеул,1,1,1600,16400000,0.856
Hyundai,Santa Fe,2025,1,8045,Бензин,Автомат,Сеул,0,3,2999,32000000,1.026
Hyundai,Sonata,2025,1,13605,Гибрид,Автомат,Тэгу,0,1,1600,23700000,0.743
Kia,Sportage,2026,0,2401,Бензин,Автомат,Сеул,0,1,1998,32900000,0.975
Kia,Sorento,2025,1,19496,Дизель,Автомат,Сеул,1,1,2199,24200000,0.77
Kia,K5,2018,8,168619,Гибрид,Автомат,Инчхон,0,3,1998,3900000,0.743
Hyundai,Santa Fe,2017,9,127245,Дизель,Автомат,Кёнгидо (Ансан),0,1,1600,5700000,1.026
Hyundai,Sonata,2022,4,48560,Дизель,Автомат,Пусан,0,1,2199,15400000,1.063
Chevrolet,Trailblazer,2023,3,47279,Дизель,Автомат,Сеул,1,1,2199,16100000,0.847
Renault Korea,QM6,2017,9,125961,Бензин,Автомат,Кёнгидо (Ансан),0,1,1600,3900000,0.872
Hyundai,Tucson,2025,1,8009,Дизель,Автомат,Тэгу,0,1,2999,29900000,0.924
Genesis,G80,2024,2,36380,Дизель,Автомат,Сеул,1,2,1600,35900000,1.096
Kia,K5,2023,3,21080,Бензин,Механика,Тэгу,0,3,1600,16800000,0.832
Renault Korea,QM6,2017,9,106916,Дизель,Автомат,Сеул,0,3,1998,3900000,0.872
Renault Korea,QM6,2026,0,500,Бензин,Автомат,Кёнгидо (Ансан),0,1,2497,25200000,0.872
Renault Korea,QM6,2018,8,133111,Бензин,Автомат,Тэгу,0,1,1998,3900000,0.872
Hyundai,Santa Fe,2020,6,101860,Дизель,Автомат,Ульсан,0,1,2999,11000000,1.328
Ssangyong,Torres,2021,5,75637,Дизель,Автомат,Тэгу,0,3,2497,13000000,1.195
Ssangyong,Torres,2022,4,55587,Гибрид,Автомат,Пусан,0,2,2497,16600000,1.082
Chevrolet,Trailblazer,2019,7,121159,Дизель,Автомат,Пусан,0,1,2199,8800000,0.872
Kia,Carnival,2024,2,18878,Дизель,Автомат,Ульсан,0,3,1600,33900000,1.395
Kia,Sportage,2019,7,100739,Гибрид,Механика,Ульсан,0,2,2199,5700000,0.69
Hyundai,Santa Fe,2023,3,35572,Бензин,Автомат,Инчхон,0,1,1998,27100000,1.328
Chevrolet,Trailblazer,2025,1,16428,Бензин,Автомат,Пусан,0,2,2497,25600000,0.872
Kia,Sportage,2025,1,18540,Дизель,Автомат,Кёнгидо (Ансан),0,3,2999,25600000,0.975
Hyundai,Tucson,2016,10,102594,Бензин,Автомат,Кёнгидо (Ансан),0,3,2999,4800000,0.924
Kia,Sportage,2023,3,60943,Дизель,Автомат,Инчхон,0,3,2199,18900000,1.262
Kia,Sorento,2019,7,113043,Дизель,Автомат,Ульсан,0,1,1600,7500000,1.026
Hyundai,Tucson,2018,8,143550,Дизель,Автомат,Сеул,0,2,1600,4800000,0.924
Kia,Sorento,2025,1,9749,Бензин,Автомат,Ульсан,0,1,2497,32900000,1.026
Hyundai,Sonata,2025,1,16132,Бензин,Автомат,Ульсан,0,2,2999,25900000,0.821
Genesis,G80,2018,8,172003,Бензин,Автомат,Инчхон,1,3,1998,8200000,0.847
Hyundai,Avante,2024,2,28145,Бензин,Автомат,Тэгу,1,2,1600,12000000,0.697
Chevrolet,Trailblazer,2019,7,89543,Дизель,Автомат,Инчхон,0,3,2497,6100000,0.872
Hyundai,Santa Fe,2025,1,17461,Гибрид,Автомат,Кёнгидо (Ансан),0,3,1998,35300000,0.929
Renault Korea,QM6,2025,1,9439,Дизель,Автомат,Сеул,0,1,1998,22500000,0.872
Ssangyong,Torres,2018,8,131771,Дизель,Автомат,Пусан,1,2,2999,4500000,0.693
Hyundai,Sonata,2018,8,177140,Дизель,Автомат,Инчхон,0,2,1600,4000000,0.821
Chevrolet,Trailblazer,2021,5,70548,LPG,Автомат,Ульсан,0,1,2999,10500000,1.021
Hyundai,Avante,2023,3,34159,Бензин,Автомат,Инчхон,0,1,1600,12800000,0.93
Hyundai,Tucson,2016,10,142423,Гибрид,Механика,Тэгу,0,2,2497,4800000,0.654
Ssangyong,Torres,2019,7,80776,Гибрид,Автомат,Инчхон,0,1,1600,6000000,0.836
Kia,K5,2026,0,1417,Бензин,Автомат,Инчхон,0,2,2199,25400000,0.821
Ssangyong,Torres,2020,6,97953,Бензин,Автомат,Сеул,0,3,1998,7200000,1.195
Kia,K5,2023,3,42953,Бензин,Автомат,Тэгу,0,1,2199,19800000,1.063
Renault Korea,QM6,2018,8,97822,Гибрид,Автомат,Кёнгидо (Ансан),0,2,1998,3900000,0.789
Hyundai,Santa Fe,2024,2,27556,Бензин,Автомат,Сеул,0,1,2999,31000000,1.328
Ssangyong,Torres,2016,10,211379,Бензин,Автомат,Инчхон,0,2,2999,4500000,0.924
Hyundai,Santa Fe,2026,0,500,Бензин,Автомат,Кёнгидо (Ансан),0,3,1998,39200000,1.026
Hyundai,Sonata,2016,10,149763,Бензин,Автомат,Сеул,0,3,2999,4000000,0.821
Kia,Carnival,2020,6,94214,Гибрид,Автомат,Сеул,0,1,2199,14100000,1.262
Hyundai,Avante,2022,4,72138,Гибрид,Автомат,Кёнгидо (Ансан),0,1,2999,11000000,0.841
Genesis,G80,2023,3,43918,Дизель,Автомат,Инчхон,1,1,2497,41600000,1.096
Hyundai,Santa Fe,2024,2,31474,Дизель,Автомат,Кёнгидо (Ансан),0,3,1600,28000000,1.328
Genesis,G80,2016,10,159633,Бензин,Автомат,Ульсан,0,3,2497,8200000,1.129
Genesis,G80,2021,5,86587,Бензин,Автомат,Кёнгидо (Ансан),0,2,2497,25700000,1.461
Kia,Sportage,2026,0,1286,Гибрид,Автомат,Ульсан,0,1,2199,32300000,0.882
Hyundai,Tucson,2020,6,104254,Бензин,Автомат,Сеул,0,2,2199,7400000,1.195
Genesis,G80,2024,2,23936,Гибрид,Механика,Ульсан,0,2,1600,41800000,1.035
Genesis,G80,2016,10,210730,Дизель,Автомат,Тэгу,0,3,2199,8200000,1.129
Kia,Carnival,2016,10,140255,Дизель,Автомат,Сеул,0,3,1998,6300000,1.078
Hyundai,Santa Fe,2018,8,134848,Бензин,Автомат,Кёнгидо (Ансан),0,3,2199,5900000,1.026
Renault Korea,QM6,2017,9,97065,Бензин,Механика,Тэгу,0,2,2999,3900000,0.683
Hyundai,Sonata,2018,8,106742,Бензин,Автомат,Пусан,0,3,1600,4000000,0.821
Hyundai,Sonata,2020,6,60254,Гибрид,Автомат,Ульсан,0,2,1600,7600000,0.961
Renault Korea,QM6,2023,3,44305,Дизель,Автомат,Сеул,0,3,2199,17700000,1.129
Ssangyong,Torres,2019,7,79897,Дизель,Автомат,Ульсан,0,3,2497,7100000,0.924
Kia,Sportage,2017,9,99095,Бензин,Автомат,Тэгу,0,3,2999,4600000,0.975
Hyundai,Sonata,2018,8,106427,Дизель,Автомат,Тэгу,0,2,1998,4800000,0.821
Hyundai,Santa Fe,2016,10,110382,Бензин,Автомат,Кёнгидо (Ансан),0,2,2199,5700000,1.026
Genesis,G80,2017,9,106589,Дизель,Автомат,Ульсан,0,1,1600,8200000,1.129
Kia,Sorento,2024,2,28875,Гибрид,Автомат,Инчхон,1,1,2497,28300000,0.901
Hyundai,Tucson,2026,0,500,Гибрид,Механика,Ульсан,0,3,2999,26900000,0.654
Hyundai,Sonata,2018,8,122476,Бензин,Автомат,Инчхон,0,2,2497,4000000,0.821
Hyundai,Avante,2025,1,14819,Бензин,Механика,Инчхон,0,2,1998,18700000,0.562
Kia,K5,2024,2,19638,Бензин,Механика,Кёнгидо (Ансан),0,3,2497,19100000,0.832
Hyundai,Tucson,2020,6,96804,Гибрид,Автомат,Инчхон,0,3,1998,10800000,1.082
Hyundai,Sonata,2024,2,36653,Дизель,Автомат,Инчхон,0,1,1600,24000000,1.063
Hyundai,Tucson,2021,5,95910,Дизель,Автомат,Тэгу,0,1,2999,9900000,1.195
Chevrolet,Trailblazer,2019,7,99468,Бензин,Автомат,Кёнгидо (Ансан),0,1,1998,6500000,0.872
Ssangyong,Torres,2026,0,5486,Гибрид,Автомат,Кёнгидо (Ансан),0,3,2497,27900000,0.836
Hyundai,Santa Fe,2022,4,69107,Дизель,Автомат,Пусан,1,1,2199,19300000,0.996
Hyundai,Avante,2016,10,155087,Дизель,Автомат,Инчхон,0,2,2199,3000000,0.718
Ssangyong,Torres,2017,9,101541,Бензин,Автомат,Сеул,0,2,2999,4500000,0.924
Hyundai,Santa Fe,2026,0,864,Бензин,Автомат,Тэгу,0,2,1600,34500000,1.026
Kia,Carnival,2019,7,129731,Дизель,Автомат,Инчхон,0,3,2199,6300000,1.078
Ssangyong,Torres,2024,2,39891,Гибрид,Автомат,Инчхон,1,1,1998,18200000,0.811
Kia,Sorento,2022,4,45935,Дизель,Автомат,Ульсан,0,1,2199,21500000,1.328
Kia,Carnival,2019,7,87925,LPG,Автомат,Пусан,0,3,1998,6300000,0.975
Kia,K5,2024,2,28475,Бензин,Автомат,Ульсан,0,3,2999,18600000,1.063
Genesis,G80,2025,1,7013,Дизель,Автомат,Пусан,0,3,2199,48500000,1.129
Kia,Sportage,2017,9,76447,Гибрид,Автомат,Кёнгидо (Ансан),0,1,2199,4600000,0.882
Kia,K5,2017,9,147305,Бензин,Автомат,Инчхон,0,1,1998,3900000,0.821
Ssangyong,Torres,2022,4,68758,Дизель,Автомат,Кёнгидо (Ансан),1,2,2999,16300000,0.897
Hyundai,Tucson,2025,1,16187,Дизель,Автомат,Инчхон,0,3,2497,27100000,0.924
Kia,K5,2019,7,159902,Бензин,Механика,Ульсан,0,2,1600,5600000,0.643
Genesis,G80,2022,4,45605,Бензин,Автомат,Тэгу,1,3,1998,23400000,1.096
Hyundai,Sonata,2022,4,85319,Гибрид,Автомат,Тэгу,1,1,2199,12500000,0.721
Chevrolet,Trailblazer,2018,8,111731,LPG,Автомат,Инчхон,1,3,1998,4200000,0.592
Kia,K5,2019,7,110118,Бензин,Автомат,Пусан,0,1,2199,5800000,0.821
Genesis,G80,2023,3,44388,LPG,Автомат,Сеул,0,3,2999,39300000,1.322
Hyundai,Avante,2022,4,41405,Бензин,Автомат,Инчхон,1,3,1998,7500000,0.697
Kia,Carnival,2018,8,133768,Бензин,Автомат,Инчхон,0,3,2497,6300000,1.078
Kia,Carnival,2018,8,128074,Дизель,Автомат,Сеул,0,3,2497,6300000,1.078
Hyundai,Tucson,2019,7,82507,LPG,Автомат,Ульсан,0,3,2999,5000000,0.836
Genesis,G80,2024,2,34625,Гибрид,Автомат,Инчхон,0,3,2999,45300000,1.322
Renault Korea,QM6,2021,5,77937,Дизель,Автомат,Пусан,0,3,2999,11800000,1.129
Hyundai,Santa Fe,2025,1,23653,Бензин,Автомат,Сеул,0,2,1998,32300000,1.026
Renault Korea,QM6,2025,1,13776,Бензин,Автомат,Сеул,1,3,2999,18000000,0.654
Kia,Sorento,2019,7,120532,Бензин,Автомат,Тэгу,0,3,1600,9500000,1.026
Hyundai,Sonata,2021,5,68120,Дизель,Автомат,Пусан,1,3,2999,7000000,0.797
Genesis,G80,2023,3,32839,Дизель,Автомат,Ульсан,0,1,2497,38400000,1.461
Genesis,G80,2022,4,58963,Бензин,Автомат,Тэгу,0,3,2497,27900000,1.461
Hyundai,Santa Fe,2021,5,54901,Бензин,Автомат,Инчхон,0,3,1600,16200000,1.328
Hyundai,Sonata,2026,0,3912,Бензин,Автомат,Пусан,0,3,2199,24500000,0.821
Kia,Sorento,2022,4,77322,Гибрид,Автомат,Инчхон,0,1,1998,19900000,1.202
Ssangyong,Torres,2016,10,142244,Дизель,Автомат,Тэгу,0,3,2497,4500000,0.924
Renault Korea,QM6,2025,1,18914,Бензин,Механика,Ульсан,0,1,2999,23600000,0.683
Kia,Carnival,2016,10,131449,Гибрид,Автомат,Пусан,1,2,1600,6300000,0.731
Kia,Carnival,2016,10,179516,Бензин,Автомат,Тэгу,0,2,2199,6300000,1.078
Kia,Sorento,2018,8,99313,LPG,Автомат,Инчхон,0,2,1600,5600000,0.929
Hyundai,Santa Fe,2019,7,76006,Дизель,Механика,Ульсан,0,1,2497,7300000,0.803
Kia,Sportage,2026,0,3170,Гибрид,Автомат,Сеул,0,1,1998,32300000,0.882
Genesis,G80,2016,10,173448,Дизель,Автомат,Пусан,0,3,2999,8200000,1.129
Ssangyong,Torres,2023,3,56143,Бензин,Автомат,Тэгу,1,2,1998,16100000,0.897
Ssangyong,Torres,2016,10,185085,Бензин,Автомат,Кёнгидо (Ансан),0,2,2497,4500000,0.924
Chevrolet,Trailblazer,2024,2,28581,Дизель,Автомат,Сеул,0,3,2199,23500000,1.129
Kia,Sportage,2020,6,73115,Гибрид,Автомат,Инчхон,1,2,2497,7900000,0.856
Ssangyong,Torres,2026,0,7154,Бензин,Автомат,Тэгу,0,1,2497,30500000,0.924
Kia,Sorento,2025,1,15718,Дизель,Механика,Сеул,0,2,2497,31200000,0.803
Kia,K5,2024,2,37336,Дизель,Автомат,Инчхон,1,1,1600,20500000,0.797
Chevrolet,Trailblazer,2019,7,135366,Дизель,Автомат,Сеул,0,2,1998,5200000,0.872
Genesis,G80,2016,10,173012,Гибрид,Автомат,Тэгу,0,3,2497,8200000,1.021
Kia,Carnival,2019,7,126854,Бензин,Автомат,Сеул,0,3,2999,6800000,1.078
Renault Korea,QM6,2020,6,85728,Гибрид,Автомат,Сеул,1,2,2497,5700000,0.766
Chevrolet,Trailblazer,2025,1,15753,Дизель,Автомат,Ульсан,0,2,1998,26300000,0.872
Renault Korea,QM6,2019,7,96439,Дизель,Автомат,Сеул,0,1,2199,6800000,0.872
Genesis,G80,2016,10,187427,Бензин,Автомат,Пусан,0,3,2199,8200000,1.129
Hyundai,Sonata,2023,3,53164,Гибрид,Автомат,Инчхон,0,1,1600,16000000,0.961
Hyundai,Santa Fe,2026,0,500,Бензин,Автомат,Инчхон,0,1,1600,36300000,1.026
Ssangyong,Torres,2019,7,113995,Гибрид,Автомат,Сеул,1,2,1998,4500000,0.627
Kia,Sorento,2026,0,500,Бензин,Автомат,Кёнгидо (Ансан),0,3,1998,39500000,1.026
Renault Korea,QM6,2022,4,67651,Бензин,Автомат,Тэгу,0,3,1600,13800000,1.129
Kia,K5,2016,10,168488,Дизель,Автомат,Инчхон,0,1,2497,3900000,0.821
Ssangyong,Torres,2023,3,34467,Гибрид,Автомат,Тэгу,0,2,1998,21700000,1.082
Hyundai,Santa Fe,2020,6,90850,Дизель,Автомат,Пусан,1,2,2999,7700000,0.996
Ssangyong,Torres,2018,8,110164,Бензин,Автомат,Пусан,0,1,1998,4500000,0.924
Renault Korea,QM6,2024,2,25960,Гибрид,Автомат,Тэгу,1,1,2999,15700000,0.766
Hyundai,Sonata,2026,0,1623,Дизель,Автомат,Сеул,0,1,2199,26800000,0.821
Hyundai,Tucson,2018,8,109679,Дизель,Автомат,Ульсан,1,1,1998,4800000,0.693
Kia,Sorento,2017,9,137958,Гибрид,Автомат,Кёнгидо (Ансан),0,1,2999,5600000,0.929
Kia,K5,2025,1,23469,Дизель,Автомат,Сеул,0,1,1600,22200000,0.821
Ssangyong,Torres,2023,3,52452,Дизель,Механика,Кёнгидо (Ансан),0,3,2497,20300000,0.936
Hyundai,Tucson,2016,10,200188,Гибрид,Автомат,Ульсан,0,3,2999,4800000,0.836
Chevrolet,Trailblazer,2019,7,103714,Бензин,Автомат,Инчхон,1,1,2497,4800000,0.654
Kia,Carnival,2018,8,143130,Бензин,Автомат,Ульсан,0,1,1600,9600000,1.078
Ssangyong,Torres,2018,8,94639,Дизель,Автомат,Сеул,0,1,2497,4500000,0.924
Kia,K5,2019,7,98729,Дизель,Автомат,Инчхон,1,1,2999,3900000,0.616
Hyundai,Tucson,2021,5,84488,LPG,Автомат,Ульсан,0,1,2497,16800000,1.082
Ssangyong,Torres,2022,4,63415,LPG,Автомат,Пусан,0,2,2199,17700000,1.082
Hyundai,Sonata,2017,9,117799,Дизель,Автомат,Инчхон,0,3,2999,4000000,0.821
Kia,K5,2018,8,186183,Дизель,Автомат,Инчхон,0,1,2999,7700000,0.821
Hyundai,Tucson,2021,5,77660,LPG,Автомат,Инчхон,1,3,1600,9000000,0.811
Renault Korea,QM6,2018,8,165844,Бензин,Механика,Сеул,0,2,1998,3900000,0.683
Kia,Sportage,2022,4,74544,Бензин,Автомат,Пусан,0,1,2999,19600000,1.262
Kia,Sorento,2020,6,77185,LPG,Автомат,Сеул,0,2,1998,11100000,1.202
Kia,K5,2019,7,118538,LPG,Автомат,Тэгу,0,1,2999,4300000,0.743
Hyundai,Sonata,2020,6,91505,Дизель,Автомат,Кёнгидо (Ансан),1,2,2497,7900000,0.797
Kia,Sportage,2018,8,119547,Дизель,Автомат,Сеул,0,2,2497,4600000,0.975
Renault Korea,QM6,2026,0,2761,Бензин,Автомат,Кёнгидо (Ансан),0,3,2497,25900000,0.872
Kia,K5,2018,8,116840,Бензин,Автомат,Пусан,0,1,2497,3900000,0.821
Ssangyong,Torres,2016,10,96691,Бензин,Автомат,Пусан,0,2,1998,4500000,0.924
Kia,Sorento,2018,8,157742,Дизель,Автомат,Кёнгидо (Ансан),0,3,1600,5600000,1.026
Kia,K5,2023,3,43414,Гибрид,Автомат,Тэгу,0,3,1998,15600000,0.961
Hyundai,Santa Fe,2025,1,18881,Гибрид,Автомат,Ульсан,1,2,2497,32900000,0.696
Kia,Sportage,2022,4,49633,Дизель,Автомат,Ульсан,0,3,2999,14400000,1.262
Hyundai,Santa Fe,2026,0,2183,Гибрид,Механика,Кёнгидо (Ансан),1,3,1998,31800000,0.545
Kia,Carnival,2016,10,149329,Дизель,Автомат,Ульсан,0,2,2999,6300000,1.078
Hyundai,Avante,2016,10,130192,LPG,Автомат,Тэгу,0,3,2199,3000000,0.65
Kia,Carnival,2017,9,152800,Бензин,Автомат,Тэгу,0,3,2199,6300000,1.078
Renault Korea,QM6,2020,6,68011,Бензин,Механика,Пусан,0,2,2999,8900000,0.884
Chevrolet,Trailblazer,2018,8,134925,Гибрид,Механика,Сеул,0,1,2999,4200000,0.618
Kia,Sorento,2017,9,141201,LPG,Автомат,Пусан,1,3,1998,5600000,0.696
Kia,Sportage,2019,7,123540,Гибрид,Автомат,Кёнгидо (Ансан),1,2,1998,4600000,0.662
Hyundai,Sonata,2025,1,14899,Дизель,Механика,Сеул,0,1,2497,24600000,0.643
Hyundai,Avante,2020,6,60255,Бензин,Автомат,Сеул,1,1,2999,3200000,0.697
Hyundai,Santa Fe,2024,2,29945,Бензин,Автомат,Сеул,1,3,2497,23900000,0.996
Kia,Carnival,2023,3,49185,Дизель,Механика,Тэгу,0,2,1600,23800000,1.091
Kia,K5,2020,6,78626,Гибрид,Автомат,Кёнгидо (Ансан),0,2,1998,8600000,0.961
Hyundai,Avante,2023,3,30877,Гибрид,Автомат,Сеул,1,1,2999,11300000,0.631
Kia,Carnival,2023,3,37338,Бензин,Автомат,Тэгу,1,2,2497,22500000,1.046
Kia,Sportage,2021,5,45307,Дизель,Автомат,Ульсан,1,1,2999,10800000,0.946
Chevrolet,Trailblazer,2021,5,83770,Бензин,Автомат,Сеул,1,1,2199,8900000,0.847
Genesis,G80,2026,0,500,Бензин,Автомат,Пусан,0,3,1600,52400000,1.129
Hyundai,Santa Fe,2021,5,73383,Дизель,Автомат,Тэгу,0,3,1600,16900000,1.328
Kia,Sportage,2025,1,16184,Бензин,Автомат,Сеул,1,1,2497,27000000,0.731
Kia,Sportage,2026,0,1742,Гибрид,Автомат,Пусан,0,3,2199,30200000,0.882
Hyundai,Tucson,2019,7,140752,Бензин,Автомат,Инчхон,0,3,2199,9000000,0.924
Hyundai,Sonata,2024,2,30158,Дизель,Автомат,Пусан,0,2,2199,21700000,1.063
Kia,Sportage,2026,0,500,Бензин,Автомат,Инчхон,0,1,1600,29900000,0.975
Kia,Sorento,2019,7,101869,Бензин,Автомат,Ульсан,0,3,2199,6800000,1.026
Kia,Carnival,2022,4,42277,Бензин,Автомат,Кёнгидо (Ансан),1,3,2497,16400000,1.046
Renault Korea,QM6,2016,10,181277,Гибрид,Автомат,Ульсан,1,3,2497,3900000,0.592
Hyundai,Sonata,2018,8,113123,LPG,Автомат,Тэгу,0,3,2999,4000000,0.743
Hyundai,Avante,2026,0,1001,Бензин,Автомат,Кёнгидо (Ансан),0,1,2497,19200000,0.718
Kia,K5,2023,3,44134,Бензин,Автомат,Тэгу,1,2,2199,15600000,0.797
Chevrolet,Trailblazer,2021,5,79943,Гибрид,Автомат,Тэгу,0,1,2497,12600000,1.021
Ssangyong,Torres,2025,1,19247,Бензин,Автомат,Ульсан,0,2,2999,26200000,0.924
Ssangyong,Torres,2022,4,78479,Гибрид,Автомат,Кёнгидо (Ансан),0,1,1998,16600000,1.082
Kia,Carnival,2020,6,73818,Бензин,Автомат,Кёнгидо (Ансан),0,1,1998,13000000,1.395
Ssangyong,Torres,2025,1,19374,Дизель,Автомат,Ульсан,0,2,2199,24800000,0.924
Ssangyong,Torres,2018,8,100944,Дизель,Автомат,Пусан,0,2,1998,4500000,0.924
Hyundai,Sonata,2018,8,136559,Гибрид,Автомат,Ульсан,0,3,1600,4100000,0.743
Kia,Sportage,2018,8,99480,Бензин,Автомат,Тэгу,0,1,1600,5900000,0.975
Hyundai,Santa Fe,2017,9,95666,Бензин,Автомат,Пусан,0,3,2497,5700000,1.026
Kia,Sportage,2017,9,106798,Бензин,Автомат,Инчхон,0,3,2999,4600000,0.975
Kia,Sportage,2023,3,56471,Бензин,Механика,Пусан,0,3,2999,22200000,0.988
Hyundai,Santa Fe,2020,6,103635,Дизель,Автомат,Ульсан,0,2,2999,14300000,1.328
Kia,Sorento,2018,8,111315,Дизель,Автомат,Сеул,0,3,2199,5600000,1.026
Hyundai,Sonata,2024,2,23458,Бензин,Автомат,Инчхон,0,1,2497,22800000,1.063
Kia,K5,2023,3,41287,Бензин,Автомат,Тэгу,0,2,1998,16600000,1.063
Genesis,G80,2025,1,6800,LPG,Автомат,Ульсан,1,3,2497,39600000,0.766
Kia,Sportage,2018,8,143574,Дизель,Механика,Кёнгидо (Ансан),1,1,1998,4600000,0.572
Kia,Sorento,2016,10,90901,Бензин,Автомат,Тэгу,0,2,2999,5600000,1.026
Hyundai,Santa Fe,2017,9,119951,Гибрид,Автомат,Тэгу,1,2,1600,5700000,0.696
Kia,K5,2026,0,500,Бензин,Автомат,Тэгу,0,1,1998,27400000,0.821
Hyundai,Avante,2020,6,84349,Бензин,Автомат,Тэгу,0,3,2199,5400000,0.93
Renault Korea,QM6,2020,6,80592,Гибрид,Автомат,Кёнгидо (Ансан),0,3,1600,7500000,1.021
Hyundai,Sonata,2017,9,160239,Бензин,Автомат,Тэгу,0,1,1998,4000000,0.821
Kia,Sorento,2026,0,500,LPG,Автомат,Пусан,0,1,1998,36900000,0.929
Hyundai,Avante,2017,9,101127,Дизель,Автомат,Инчхон,0,1,2199,3000000,0.718
Hyundai,Avante,2020,6,103953,Дизель,Автомат,Кёнгидо (Ансан),0,3,2999,6000000,0.93
Hyundai,Avante,2020,6,107908,Бензин,Автомат,Ульсан,1,3,1600,5800000,0.697
Hyundai,Avante,2024,2,41923,Гибрид,Автомат,Инчхон,0,3,1998,14200000,0.841
Hyundai,Avante,2017,9,117071,Бензин,Автомат,Кёнгидо (Ансан),1,3,2199,3000000,0.539
Kia,K5,2018,8,118817,Дизель,Автомат,Кёнгидо (Ансан),1,2,1600,3900000,0.616
Kia,Sorento,2022,4,53635,Дизель,Автомат,Тэгу,0,1,2199,17700000,1.328
Genesis,G80,2024,2,32847,LPG,Автомат,Тэгу,1,3,2497,37200000,0.991
Ssangyong,Torres,2024,2,18882,Гибрид,Автомат,Кёнгидо (Ансан),0,1,2497,24300000,1.082
Ssangyong,Torres,2020,6,93056,Бензин,Автомат,Сеул,1,1,2497,5900000,0.897
Renault Korea,QM6,2021,5,65280,Гибрид,Автомат,Кёнгидо (Ансан),1,1,2199,8500000,0.766
Kia,Sorento,2016,10,165931,Бензин,Автомат,Ульсан,0,2,1600,5600000,1.026
Hyundai,Tucson,2022,4,45682,Гибрид,Автомат,Сеул,0,1,2497,16300000,1.082
Hyundai,Avante,2022,4,67811,Дизель,Автомат,Пусан,0,1,2199,12400000,0.93
Kia,Carnival,2017,9,171962,Бензин,Автомат,Ульсан,0,3,1998,6300000,1.078
Kia,Sportage,2025,1,17404,Бензин,Автомат,Кёнгидо (Ансан),0,2,2999,24400000,0.975
Hyundai,Tucson,2020,6,110986,Дизель,Автомат,Пусан,0,3,2199,8400000,1.195
Renault Korea,QM6,2016,10,155452,Дизель,Автомат,Ульсан,0,2,2199,3900000,0.872
Chevrolet,Trailblazer,2016,10,195300,Бензин,Автомат,Пусан,0,1,2999,4200000,0.872
Hyundai,Santa Fe,2017,9,98417,Бензин,Автомат,Сеул,0,2,1998,5700000,1.026
Hyundai,Avante,2016,10,144832,Гибрид,Автомат,Сеул,0,3,2497,3000000,0.65
Ssangyong,Torres,2020,6,57135,Гибрид,Автомат,Инчхон,0,3,2497,6700000,1.082
Hyundai,Santa Fe,2021,5,102134,Гибрид,Автомат,Ульсан,1,1,1600,11200000,0.901
Kia,K5,2024,2,33027,Дизель,Автомат,Кёнгидо (Ансан),0,3,2999,19500000,1.063
Genesis,G80,2024,2,33266,Дизель,Автомат,Пусан,1,3,1600,32100000,1.096
Hyundai,Santa Fe,2025,1,11884,Бензин,Автомат,Тэгу,0,2,2199,30400000,1.026
Kia,Sportage,2025,1,22249,Гибрид,Автомат,Сеул,1,1,2199,24000000,0.662
Kia,K5,2021,5,79397,Бензин,Автомат,Сеул,1,3,2497,6700000,0.797
Kia,Sorento,2017,9,158322,Дизель,Механика,Кёнгидо (Ансан),0,1,2497,5600000,0.803
Hyundai,Avante,2023,3,50245,Бензин,Автомат,Сеул,0,1,2497,14900000,0.93
Hyundai,Tucson,2020,6,85624,Бензин,Автомат,Пусан,1,1,1600,7800000,0.897
Hyundai,Santa Fe,2025,1,18857,Гибрид,Автомат,Тэгу,0,1,2999,33400000,0.929
Kia,Carnival,2024,2,22904,Гибрид,Автомат,Ульсан,0,3,1998,31600000,1.262
Hyundai,Sonata,2026,0,500,LPG,Автомат,Инчхон,0,1,2199,27500000,0.743
Kia,Sorento,2022,4,58667,Дизель,Автомат,Кёнгидо (Ансан),0,2,2497,20300000,1.328
Ssangyong,Torres,2022,4,67110,Бензин,Автомат,Инчхон,0,3,2497,16900000,1.195
Renault Korea,QM6,2023,3,35151,Дизель,Автомат,Инчхон,0,1,2199,17700000,1.129
Hyundai,Sonata,2025,1,5837,Гибрид,Автомат,Тэгу,1,2,2999,22000000,0.557
Kia,K5,2021,5,46337,Бензин,Автомат,Тэгу,0,1,2999,12000000,1.063
Kia,Sportage,2020,6,83933,Дизель,Автомат,Пусан,0,1,2199,10000000,1.262
Ssangyong,Torres,2017,9,146640,Бензин,Автомат,Ульсан,0,2,2999,4500000,0.924
Ssangyong,Torres,2020,6,99558,Дизель,Автомат,Тэгу,0,1,1600,10300000,1.195
Kia,Sportage,2025,1,20506,Бензин,Автомат,Инчхон,0,3,1998,23900000,0.975
Kia,K5,2025,1,10977,Дизель,Механика,Кёнгидо (Ансан),0,2,2497,20400000,0.643
Kia,Sorento,2022,4,34292,Дизель,Автомат,Тэгу,0,1,2497,22000000,1.328
Kia,Sorento,2024,2,9199,Бензин,Автомат,Ульсан,1,3,1998,24200000,0.996
Kia,K5,2018,8,135488,Дизель,Автомат,Инчхон,0,3,1998,3900000,0.821
Hyundai,Avante,2017,9,153052,Бензин,Автомат,Сеул,1,3,2199,3000000,0.539
Hyundai,Santa Fe,2020,6,92416,Бензин,Автомат,Сеул,0,2,2497,12700000,1.328
Renault Korea,QM6,2018,8,120355,Гибрид,Автомат,Ульсан,0,3,1600,4200000,0.789
Kia,Carnival,2022,4,53946,Гибрид,Автомат,Кёнгидо (Ансан),0,2,2497,21800000,1.262
Kia,Sorento,2016,10,128139,Бензин,Автомат,Ульсан,0,1,2999,5600000,1.026
Hyundai,Tucson,2025,1,17203,Дизель,Автомат,Кёнгидо (Ансан),1,3,2999,23700000,0.693
Hyundai,Santa Fe,2016,10,126836,Гибрид,Механика,Инчхон,0,2,2199,5700000,0.727
Ssangyong,Torres,2026,0,500,Бензин,Автомат,Пусан,0,3,1600,27500000,0.924
Hyundai,Avante,2018,8,118867,Дизель,Автомат,Пусан,0,3,1998,3000000,0.718
Chevrolet,Trailblazer,2022,4,63686,Бензин,Автомат,Пусан,0,1,1600,15100000,1.129
Hyundai,Tucson,2016,10,174462,Бензин,Автомат,Пусан,1,2,1998,4800000,0.693
Kia,Carnival,2022,4,38088,Бензин,Автомат,Тэгу,0,2,1998,23200000,1.395
Kia,K5,2022,4,80266,Гибрид,Автомат,Сеул,1,2,2999,12400000,0.721
Kia,Carnival,2020,6,76709,Гибрид,Автомат,Тэгу,0,1,2497,15500000,1.262
Kia,Sorento,2024,2,31120,Бензин,Автомат,Пусан,0,3,2999,25400000,1.328
Kia,Sportage,2016,10,151663,Дизель,Автомат,Инчхон,0,3,2999,4600000,0.975
Hyundai,Sonata,2018,8,157542,Гибрид,Автомат,Кёнгидо (Ансан),0,1,2199,5600000,0.743
Chevrolet,Trailblazer,2022,4,35194,Бензин,Автомат,Сеул,0,2,2199,14200000,1.129
Kia,Sorento,2021,5,80920,LPG,Автомат,Сеул,1,1,2497,13600000,0.901
Renault Korea,QM6,2025,1,18307,Бензин,Автомат,Инчхон,0,2,1998,23600000,0.872
Renault Korea,QM6,2025,1,13596,Дизель,Автомат,Пусан,0,2,2999,21800000,0.872
Hyundai,Sonata,2025,1,13005,Бензин,Механика,Кёнгидо (Ансан),0,1,1600,21300000,0.643
Kia,Carnival,2025,1,6213,Гибрид,Автомат,Пусан,0,1,1600,35400000,0.975
Hyundai,Sonata,2020,6,96442,Бензин,Автомат,Инчхон,1,1,2497,7300000,0.797
Hyundai,Avante,2024,2,37816,LPG,Автомат,Кёнгидо (Ансан),0,1,2999,14100000,0.841
Hyundai,Tucson,2018,8,132906,Бензин,Механика,Сеул,0,3,1998,4800000,0.723
Hyundai,Avante,2021,5,46788,Бензин,Автомат,Ульсан,0,2,2999,8000000,0.93
Renault Korea,QM6,2026,0,6031,Бензин,Автомат,Кёнгидо (Ансан),0,2,1998,25300000,0.872
Kia,Sportage,2026,0,3611,Дизель,Автомат,Сеул,0,2,1600,29000000,0.975
Chevrolet,Trailblazer,2025,1,16867,Дизель,Автомат,Ульсан,1,2,2199,20500000,0.654
Hyundai,Avante,2023,3,37419,Бензин,Автомат,Пусан,0,1,1600,14800000,0.93
Renault Korea,QM6,2025,1,15869,LPG,Автомат,Инчхон,0,2,2497,23000000,0.789
Kia,Sorento,2025,1,13981,Гибрид,Автомат,Кёнгидо (Ансан),0,1,2497,35400000,0.929
Kia,Sportage,2016,10,122922,Дизель,Механика,Тэгу,1,1,2497,4600000,0.572
Hyundai,Sonata,2022,4,50149,Бензин,Автомат,Инчхон,0,3,1600,13400000,1.063
Renault Korea,QM6,2026,0,500,Гибрид,Автомат,Пусан,1,3,1600,21600000,0.592
Hyundai,Tucson,2018,8,128233,Гибрид,Автомат,Кёнгидо (Ансан),0,2,1600,4900000,0.836
Hyundai,Tucson,2022,4,60192,Дизель,Автомат,Кёнгидо (Ансан),1,1,2999,13200000,0.897
Hyundai,Tucson,2026,0,7205,Гибрид,Автомат,Пусан,0,2,1600,29100000,0.836
Hyundai,Santa Fe,2021,5,72812,Дизель,Автомат,Сеул,1,1,1998,12700000,0.996
Ssangyong,Torres,2026,0,3839,Гибрид,Автомат,Кёнгидо (Ансан),1,1,2497,26200000,0.627
Hyundai,Avante,2018,8,132430,Дизель,Автомат,Сеул,0,1,1998,3000000,0.718
Hyundai,Sonata,2016,10,174748,Дизель,Автомат,Кёнгидо (Ансан),0,1,1998,4000000,0.821
Hyundai,Tucson,2025,1,12175,Дизель,Автомат,Пусан,1,1,1600,23800000,0.693
Renault Korea,QM6,2019,7,110071,Бензин,Автомат,Инчхон,1,1,1600,6300000,0.654
Kia,Carnival,2020,6,101472,Дизель,Автомат,Тэгу,1,2,2199,12100000,1.046
Ssangyong,Torres,2024,2,22305,Гибрид,Автомат,Инчхон,0,2,1600,23800000,1.082
Kia,Sportage,2020,6,76966,Бензин,Автомат,Пусан,0,3,2497,9800000,1.262
Hyundai,Sonata,2022,4,29851,Дизель,Автомат,Сеул,0,2,1600,17100000,1.063
Kia,K5,2019,7,88321,Бензин,Автомат,Сеул,0,3,2999,7200000,0.821
Hyundai,Santa Fe,2019,7,82438,Гибрид,Автомат,Кёнгидо (Ансан),0,1,1600,8500000,0.929
Hyundai,Santa Fe,2021,5,69006,Дизель,Автомат,Тэгу,0,2,2199,17100000,1.328
Hyundai,Avante,2025,1,12451,Бензин,Автомат,Сеул,1,1,1600,15900000,0.539
Chevrolet,Trailblazer,2018,8,142227,Бензин,Автомат,Кёнгидо (Ансан),1,1,1600,4200000,0.654
Hyundai,Sonata,2023,3,26903,Гибрид,Автомат,Кёнгидо (Ансан),1,2,2999,14600000,0.721
Hyundai,Santa Fe,2016,10,176668,Дизель,Механика,Кёнгидо (Ансан),0,2,2497,5700000,0.803
Hyundai,Tucson,2019,7,85940,Гибрид,Автомат,Инчхон,0,3,1998,6300000,0.836
Kia,Carnival,2026,0,3400,Бензин,Автомат,Тэгу,0,1,2199,39300000,1.078
Genesis,G80,2024,2,14155,Гибрид,Автомат,Ульсан,0,3,1600,43700000,1.322
Ssangyong,Torres,2023,3,49472,Бензин,Автомат,Тэгу,1,3,1998,18400000,0.897
Kia,Carnival,2020,6,91133,Бензин,Автомат,Пусан,0,3,1998,13100000,1.395
Kia,Sorento,2023,3,41651,Бензин,Автомат,Сеул,0,1,2199,22300000,1.328
Kia,Carnival,2022,4,62218,Дизель,Механика,Инчхон,0,1,2999,24100000,1.091
Kia,Carnival,2018,8,106810,Дизель,Автомат,Ульсан,0,3,2999,6300000,1.078
Genesis,G80,2021,5,68809,Бензин,Автомат,Ульсан,0,3,1600,20000000,1.461
Hyundai,Avante,2022,4,37354,Дизель,Автомат,Тэгу,0,1,1600,10400000,0.93
Hyundai,Santa Fe,2024,2,26033,Гибрид,Автомат,Ульсан,0,3,1998,29000000,1.202
Ssangyong,Torres,2021,5,83632,Бензин,Автомат,Тэгу,0,3,2199,13100000,1.195
Hyundai,Avante,2017,9,123125,Бензин,Автомат,Пусан,0,1,2999,3000000,0.718
Hyundai,Sonata,2016,10,193013,Бензин,Автомат,Сеул,1,3,2497,4000000,0.616
Ssangyong,Torres,2025,1,21550,Бензин,Автомат,Инчхон,0,2,1600,27200000,0.924
Hyundai,Avante,2016,10,160613,Бензин,Автомат,Кёнгидо (Ансан),1,2,1998,3000000,0.539
Chevrolet,Trailblazer,2024,2,45077,Дизель,Автомат,Сеул,0,3,2497,21500000,1.129
Chevrolet,Trailblazer,2026,0,500,Бензин,Автомат,Кёнгидо (Ансан),0,1,1600,28000000,0.872
Hyundai,Avante,2021,5,51665,Гибрид,Автомат,Инчхон,0,3,2497,8300000,0.841
Chevrolet,Trailblazer,2023,3,44744,Бензин,Механика,Кёнгидо (Ансан),0,2,1600,21000000,0.884
Chevrolet,Trailblazer,2020,6,116281,Гибрид,Автомат,Инчхон,0,3,1998,8200000,1.021
Chevrolet,Trailblazer,2021,5,41778,Гибрид,Автомат,Тэгу,0,2,1998,13100000,1.021
Ssangyong,Torres,2017,9,117852,Дизель,Автомат,Тэгу,0,3,2999,4500000,0.924
Hyundai,Avante,2024,2,27006,Бензин,Автомат,Ульсан,0,3,1600,14100000,0.93
Hyundai,Santa Fe,2023,3,62519,Бензин,Автомат,Ульсан,0,3,1998,22300000,1.328
Kia,Sorento,2023,3,35810,Гибрид,Автомат,Сеул,0,2,2999,22100000,1.202
Hyundai,Sonata,2026,0,500,Бензин,Автомат,Тэгу,1,1,2199,23500000,0.616
Kia,K5,2018,8,120965,Дизель,Автомат,Кёнгидо (Ансан),1,3,2199,3900000,0.616
Chevrolet,Trailblazer,2022,4,90064,Дизель,Автомат,Пусан,0,2,1600,15600000,1.129
Kia,Carnival,2018,8,121079,Бензин,Автомат,Сеул,0,2,1600,6300000,1.078
Renault Korea,QM6,2023,3,36648,Бензин,Автомат,Сеул,1,2,1998,13000000,0.847
Ssangyong,Torres,2018,8,84936,Бензин,Автомат,Пусан,0,3,2999,4500000,0.924
Kia,K5,2017,9,137968,Бензин,Автомат,Ульсан,0,3,2199,3900000,0.821
Kia,K5,2022,4,55305,Бензин,Автомат,Ульсан,0,2,2199,14600000,1.063
Kia,Carnival,2023,3,52275,Дизель,Автомат,Тэгу,0,3,2199,26800000,1.395
Kia,Sorento,2021,5,92136,Дизель,Автомат,Кёнгидо (Ансан),0,1,2497,16400000,1.328
Hyundai,Avante,2024,2,26214,Бензин,Автомат,Сеул,0,2,1600,17400000,0.93
Renault Korea,QM6,2021,5,105240,Бензин,Автомат,Инчхон,0,2,2199,11600000,1.129
Ssangyong,Torres,2021,5,77971,Бензин,Автомат,Ульсан,0,3,2199,12500000,1.195
Hyundai,Sonata,2017,9,95936,Бензин,Механика,Сеул,0,1,1998,4000000,0.643
Genesis,G80,2021,5,78830,Дизель,Автомат,Тэгу,0,2,2999,22200000,1.461
Hyundai,Sonata,2017,9,93348,Бензин,Автомат,Кёнгидо (Ансан),0,3,2199,4000000,0.821
Hyundai,Santa Fe,2021,5,44638,Гибрид,Механика,Кёнгидо (Ансан),0,2,2999,16100000,0.941
Hyundai,Avante,2017,9,180575,Дизель,Автомат,Пусан,0,1,1600,3000000,0.718
Ssangyong,Torres,2023,3,54925,Бензин,Автомат,Тэгу,0,2,2999,21000000,1.195
Ssangyong,Torres,2025,1,14713,Бензин,Автомат,Сеул,0,3,2497,28100000,0.924
Renault Korea,QM6,2023,3,33641,Бензин,Автомат,Инчхон,0,3,2497,16500000,1.129
Kia,Carnival,2024,2,25821,Дизель,Автомат,Инчхон,0,1,2199,28000000,1.395
Kia,Carnival,2020,6,98660,Бензин,Автомат,Ульсан,0,3,2999,14400000,1.395
Kia,Sorento,2022,4,62026,Бензин,Автомат,Сеул,0,2,2497,23300000,1.328
Renault Korea,QM6,2019,7,92056,Бензин,Автомат,Сеул,0,2,2497,6700000,0.872
Kia,Sportage,2024,2,29095,Гибрид,Автомат,Тэгу,0,2,1998,23900000,1.142
Genesis,G80,2019,7,110280,Дизель,Автомат,Пусан,0,3,1998,8200000,1.129
Chevrolet,Trailblazer,2022,4,79749,Бензин,Автомат,Кёнгидо (Ансан),0,3,2199,14000000,1.129
Hyundai,Avante,2023,3,58024,Дизель,Автомат,Пусан,0,2,1998,11400000,0.93
Hyundai,Avante,2025,1,22665,Гибрид,Автомат,Сеул,0,3,2199,17300000,0.65
Hyundai,Tucson,2021,5,87537,Гибрид,Автомат,Кёнгидо (Ансан),1,1,1998,12600000,0.811
Hyundai,Sonata,2024,2,35186,Дизель,Автомат,Инчхон,0,2,2497,22300000,1.063
Renault Korea,QM6,2018,8,135506,Дизель,Автомат,Тэгу,0,2,2999,3900000,0.872
Genesis,G80,2019,7,97960,Бензин,Автомат,Инчхон,0,3,2199,8200000,1.129
Kia,Sorento,2017,9,132039,Дизель,Автомат,Сеул,0,1,1998,5600000,1.026
Ssangyong,Torres,2021,5,89651,Дизель,Автомат,Сеул,0,3,2199,13000000,1.195
Kia,Sorento,2025,1,16090,Бензин,Автомат,Пусан,0,1,1998,35900000,1.026
Ssangyong,Torres,2024,2,27669,Бензин,Автомат,Ульсан,0,3,2199,22300000,1.195
Kia,Carnival,2018,8,114811,Гибрид,Автомат,Сеул,1,3,2199,6300000,0.731
Hyundai,Tucson,2026,0,500,Дизель,Автомат,Ульсан,0,1,1600,32900000,0.924
Renault Korea,QM6,2021,5,65241,Дизель,Автомат,Пусан,0,3,1998,10000000,1.129
Genesis,G80,2016,10,128364,Бензин,Механика,Инчхон,1,3,1600,8200000,0.663
Kia,Carnival,2016,10,151796,Бензин,Автомат,Кёнгидо (Ансан),0,2,2497,6300000,1.078
Chevrolet,Trailblazer,2020,6,59170,LPG,Автомат,Кёнгидо (Ансан),1,2,2199,5400000,0.766
Kia,K5,2025,1,19007,Дизель,Автомат,Ульсан,0,3,2199,23000000,0.821
Kia,Carnival,2024,2,37260,Бензин,Автомат,Пусан,0,1,2999,36600000,1.395
Kia,Sportage,2024,2,40545,Бензин,Автомат,Ульсан,0,1,1600,23400000,1.262
Renault Korea,QM6,2021,5,65567,Бензин,Автомат,Тэгу,1,3,2999,6700000,0.847
Renault Korea,QM6,2025,1,14310,Гибрид,Автомат,Пусан,0,2,2199,22200000,0.789
Hyundai,Santa Fe,2025,1,14709,Бензин,Механика,Кёнгидо (Ансан),1,3,1600,32700000,0.602
Hyundai,Sonata,2023,3,34393,Дизель,Автомат,Пусан,0,1,2497,18000000,1.063
Hyundai,Avante,2019,7,131755,Бензин,Автомат,Тэгу,0,1,1600,6300000,0.718
Kia,Sportage,2022,4,59565,Бензин,Автомат,Сеул,0,3,2497,16700000,1.262
Kia,Sorento,2026,0,5723,Бензин,Автомат,Ульсан,0,1,1998,38000000,1.026
Hyundai,Santa Fe,2020,6,74815,Бензин,Автомат,Тэгу,0,1,1600,13300000,1.328
Kia,Sportage,2026,0,500,Бензин,Автомат,Пусан,1,1,2497,26800000,0.731
Chevrolet,Trailblazer,2019,7,114559,Гибрид,Автомат,Кёнгидо (Ансан),0,3,2497,7300000,0.789
Kia,Sportage,2021,5,63031,Гибрид,Автомат,Сеул,0,3,2497,14700000,1.142
Hyundai,Tucson,2020,6,79217,Гибрид,Автомат,Сеул,0,2,2999,9200000,1.082
Kia,K5,2024,2,34333,Бензин,Автомат,Инчхон,1,1,1600,17000000,0.797
Chevrolet,Trailblazer,2024,2,34663,Бензин,Автомат,Пусан,1,3,1998,21200000,0.847
Kia,Sportage,2023,3,46721,Гибрид,Автомат,Тэгу,0,2,2497,19700000,1.142
Hyundai,Tucson,2017,9,69691,Бензин,Механика,Пусан,0,1,2199,4800000,0.723
Hyundai,Santa Fe,2021,5,108543,Дизель,Автомат,Ульсан,0,3,1998,14500000,1.328
Ssangyong,Torres,2022,4,52985,Гибрид,Автомат,Сеул,0,3,1600,13100000,1.082
Hyundai,Sonata,2026,0,2378,Дизель,Автомат,Инчхон,0,1,1600,25200000,0.821
Kia,Carnival,2026,0,500,Гибрид,Автомат,Кёнгидо (Ансан),0,1,1998,39100000,0.975
Kia,Sportage,2020,6,107196,Бензин,Автомат,Кёнгидо (Ансан),0,1,2199,10400000,1.262
Renault Korea,QM6,2025,1,14859,Дизель,Автомат,Пусан,0,2,1998,22800000,0.872
Kia,K5,2016,10,162210,Бензин,Автомат,Инчхон,1,1,1600,3900000,0.616
Ssangyong,Torres,2016,10,130499,Бензин,Автомат,Тэгу,0,3,2199,4500000,0.924
Chevrolet,Trailblazer,2025,1,11748,Гибрид,Автомат,Тэгу,1,1,1600,21800000,0.592
Hyundai,Tucson,2024,2,33661,Бензин,Автомат,Ульсан,0,2,1600,23400000,1.195
Kia,Sportage,2024,2,40899,LPG,Автомат,Ульсан,1,1,1600,19400000,0.856
Kia,Sorento,2022,4,62408,Гибрид,Автомат,Кёнгидо (Ансан),0,1,2199,20800000,1.202
Kia,Carnival,2021,5,81514,Бензин,Автомат,Ульсан,1,3,2199,12100000,1.046
Kia,Sorento,2023,3,46103,Дизель,Автомат,Пусан,0,2,2497,26800000,1.328
Ssangyong,Torres,2020,6,113524,Дизель,Автомат,Кёнгидо (Ансан),1,3,2199,6500000,0.897
Hyundai,Santa Fe,2025,1,13122,Бензин,Автомат,Сеул,0,1,2999,31900000,1.026
Genesis,G80,2019,7,107474,Бензин,Автомат,Сеул,0,2,2999,11900000,1.129
Hyundai,Tucson,2026,0,500,Дизель,Автомат,Тэгу,1,1,1600,29900000,0.693
Hyundai,Avante,2017,9,204448,Дизель,Автомат,Кёнгидо (Ансан),0,1,2497,3000000,0.718
Renault Korea,QM6,2019,7,91883,Бензин,Механика,Ульсан,0,1,2199,8000000,0.683
Kia,Sportage,2023,3,34669,Гибрид,Автомат,Тэгу,0,2,1600,18500000,1.142
Hyundai,Sonata,2025,1,10377,Бензин,Автомат,Пусан,0,2,1600,23400000,0.821
Genesis,G80,2020,6,91343,Бензин,Автомат,Инчхон,0,3,1998,18700000,1.461
Kia,K5,2020,6,91099,Гибрид,Автомат,Инчхон,0,3,2199,6900000,0.961
Kia,Sorento,2019,7,115736,Бензин,Автомат,Кёнгидо (Ансан),0,1,2199,9400000,1.026
Kia,K5,2024,2,31295,Бензин,Автомат,Инчхон,0,2,2497,20500000,1.063
Kia,Sorento,2024,2,30078,Бензин,Автомат,Тэгу,1,2,2497,25700000,0.996
Hyundai,Sonata,2018,8,99353,Бензин,Автомат,Инчхон,0,2,2199,4000000,0.821
Hyundai,Sonata,2026,0,1933,Бензин,Автомат,Пусан,0,3,1998,24800000,0.821
Kia,K5,2017,9,129579,Дизель,Автомат,Кёнгидо (Ансан),1,1,2497,3900000,0.616
Ssangyong,Torres,2018,8,133902,Бензин,Автомат,Ульсан,0,2,1998,4500000,0.924
Kia,Sorento,2020,6,102731,Бензин,Автомат,Пусан,0,2,1998,14000000,1.328
Hyundai,Tucson,2016,10,113343,Бензин,Механика,Пусан,0,2,2199,4800000,0.723
Hyundai,Sonata,2022,4,46662,Гибрид,Автомат,Ульсан,1,1,2999,12100000,0.721
Ssangyong,Torres,2018,8,156631,Бензин,Автомат,Ульсан,0,2,2199,4500000,0.924
Chevrolet,Trailblazer,2026,0,1154,Бензин,Автомат,Пусан,0,3,1600,28200000,0.872
Hyundai,Avante,2016,10,199294,LPG,Механика,Пусан,0,1,2199,3000000,0.509
Chevrolet,Trailblazer,2025,1,15908,Дизель,Автомат,Пусан,0,2,1998,21900000,0.872
Hyundai,Tucson,2024,2,43095,Дизель,Автомат,Пусан,0,2,2199,22700000,1.195
Kia,Carnival,2023,3,51693,Дизель,Механика,Сеул,0,2,2497,30200000,1.091
Genesis,G80,2019,7,105477,Дизель,Автомат,Ульсан,1,1,1998,8200000,0.847
Kia,Sorento,2018,8,92643,Дизель,Автомат,Пусан,0,2,1998,5600000,1.026
Kia,Carnival,2024,2,33392,Гибрид,Автомат,Пусан,0,2,2999,33300000,1.262
Kia,K5,2020,6,81249,Бензин,Автомат,Ульсан,0,3,2497,8600000,1.063
Kia,Sorento,2024,2,34629,Дизель,Автомат,Пусан,0,3,1600,29000000,1.328
Hyundai,Tucson,2021,5,78252,Гибрид,Автомат,Инчхон,0,1,2999,14800000,1.082
Ssangyong,Torres,2025,1,13255,Бензин,Автомат,Пусан,0,3,2999,24400000,0.924
Renault Korea,QM6,2019,7,58466,Бензин,Автомат,Сеул,0,3,2497,7900000,0.872
Hyundai,Avante,2020,6,83836,Бензин,Автомат,Тэгу,0,1,1600,7800000,0.93
Kia,K5,2026,0,1112,Бензин,Автомат,Ульсан,0,3,1998,24300000,0.821
Hyundai,Sonata,2020,6,126023,Бензин,Автомат,Пусан,0,2,2199,8300000,1.063
Chevrolet,Trailblazer,2020,6,104156,Бензин,Автомат,Сеул,0,1,2999,10600000,1.129
Kia,K5,2019,7,117759,Бензин,Автомат,Кёнгидо (Ансан),0,2,1998,3900000,0.821
Kia,Carnival,2024,2,36145,Дизель,Автомат,Пусан,0,2,2199,33500000,1.395
Ssangyong,Torres,2018,8,127241,Бензин,Автомат,Кёнгидо (Ансан),0,3,2199,4500000,0.924
Hyundai,Tucson,2020,6,90032,Дизель,Автомат,Тэгу,0,3,2199,11500000,1.195
Kia,Carnival,2019,7,96524,Бензин,Автомат,Инчхон,0,2,2199,7100000,1.078
Genesis,G80,2016,10,160741,Гибрид,Автомат,Пусан,0,3,2497,8200000,1.021
Genesis,G80,2021,5,84814,Бензин,Автомат,Пусан,1,1,2999,19400000,1.096
Hyundai,Avante,2025,1,13007,Гибрид,Автомат,Сеул,0,2,1600,18900000,0.65
Genesis,G80,2023,3,53382,Дизель,Механика,Кёнгидо (Ансан),1,2,1998,31200000,0.858
Hyundai,Santa Fe,2024,2,28682,Бензин,Автомат,Инчхон,0,3,2199,32700000,1.328
Ssangyong,Torres,2021,5,63351,Бензин,Автомат,Кёнгидо (Ансан),0,2,2199,13000000,1.195
Hyundai,Avante,2022,4,32459,Гибрид,Автомат,Тэгу,0,3,1998,11200000,0.841
Ssangyong,Torres,2026,0,500,Бензин,Автомат,Кёнгидо (Ансан),0,1,2199,31700000,0.924
Hyundai,Tucson,2020,6,110861,Дизель,Автомат,Инчхон,0,2,1998,9800000,1.195
Hyundai,Santa Fe,2018,8,129327,Дизель,Автомат,Инчхон,0,1,2199,5700000,1.026
Genesis,G80,2019,7,77650,Дизель,Автомат,Кёнгидо (Ансан),0,3,2199,14200000,1.129
Kia,Carnival,2021,5,75705,Гибрид,Автомат,Ульсан,0,2,2199,16100000,1.262
Chevrolet,Trailblazer,2018,8,122953,Гибрид,Автомат,Сеул,1,2,2999,4200000,0.592
Kia,K5,2020,6,102621,Гибрид,Автомат,Тэгу,0,2,1600,8200000,0.961
Kia,Sorento,2017,9,126649,LPG,Автомат,Ульсан,0,3,1998,5600000,0.929
Kia,Carnival,2017,9,128480,Бензин,Автомат,Инчхон,0,1,1998,6300000,1.078
Kia,Carnival,2022,4,71915,Бензин,Автомат,Инчхон,0,2,2199,24600000,1.395
Hyundai,Sonata,2017,9,193211,Дизель,Автомат,Инчхон,1,3,1600,4000000,0.616
Renault Korea,QM6,2024,2,24482,Дизель,Автомат,Сеул,0,3,1998,20500000,1.129
Hyundai,Tucson,2023,3,56367,Бензин,Автомат,Сеул,0,1,2199,24500000,1.195
Kia,Carnival,2020,6,92082,Гибрид,Автомат,Кёнгидо (Ансан),0,2,2497,8800000,1.262
Hyundai,Sonata,2017,9,150860,Бензин,Автомат,Ульсан,0,1,2497,4000000,0.821
Hyundai,Avante,2017,9,179948,Бензин,Автомат,Тэгу,0,3,2497,3000000,0.718
Chevrolet,Trailblazer,2023,3,41141,Дизель,Автомат,Пусан,0,3,2497,17500000,1.129
Chevrolet,Trailblazer,2017,9,184675,Гибрид,Автомат,Ульсан,0,3,1600,4200000,0.789
Chevrolet,Trailblazer,2016,10,202368,Бензин,Автомат,Ульсан,0,1,1998,4200000,0.872
Kia,K5,2026,0,1234,Бензин,Автомат,Тэгу,1,1,2999,25300000,0.616
Chevrolet,Trailblazer,2020,6,102573,Дизель,Автомат,Кёнгидо (Ансан),0,2,1998,7700000,1.129
Kia,Carnival,2023,3,37119,Бензин,Автомат,Инчхон,0,3,1600,26100000,1.395
Hyundai,Avante,2018,8,134023,Бензин,Автомат,Сеул,0,1,1998,3000000,0.718
Kia,Sportage,2025,1,15234,LPG,Автомат,Ульсан,0,3,2999,23200000,0.882
Hyundai,Avante,2026,0,500,Бензин,Автомат,Ульсан,0,2,1998,20000000,0.718
Kia,Sorento,2017,9,70228,Бензин,Автомат,Инчхон,0,2,1600,5600000,1.026
Hyundai,Tucson,2025,1,18923,Дизель,Автомат,Тэгу,0,1,1998,28400000,0.924
Kia,Sportage,2020,6,91254,Бензин,Автомат,Пусан,1,3,1998,6000000,0.946
Genesis,G80,2017,9,113217,Бензин,Автомат,Сеул,0,2,1998,8200000,1.129
Hyundai,Sonata,2019,7,105916,Бензин,Автомат,Кёнгидо (Ансан),0,1,1998,4200000,0.821
Kia,Carnival,2026,0,7001,Дизель,Автомат,Инчхон,0,2,2199,37500000,1.078
Renault Korea,QM6,2026,0,500,Дизель,Автомат,Кёнгидо (Ансан),0,3,2199,23600000,0.872
Kia,Sportage,2017,9,106784,Бензин,Автомат,Ульсан,0,3,2999,4600000,0.975
Kia,Sportage,2024,2,33108,Бензин,Автомат,Кёнгидо (Ансан),0,2,2199,22400000,1.262
Kia,Carnival,2021,5,104944,Дизель,Автомат,Сеул,0,2,2999,19400000,1.395
Hyundai,Santa Fe,2026,0,1716,Бензин,Автомат,Кёнгидо (Ансан),1,1,1600,37900000,0.77
Ssangyong,Torres,2021,5,66104,Гибрид,Автомат,Пусан,0,1,1998,12100000,1.082
Hyundai,Avante,2025,1,11157,Бензин,Автомат,Пусан,0,2,2497,18500000,0.718
Hyundai,Tucson,2020,6,86699,Дизель,Автомат,Пусан,0,2,2999,9200000,1.195
Genesis,G80,2025,1,13897,Бензин,Автомат,Тэгу,0,3,1600,48000000,1.129
Kia,Carnival,2022,4,48255,Бензин,Автомат,Ульсан,1,2,2497,21800000,1.046
Ssangyong,Torres,2025,1,14262,Дизель,Автомат,Кёнгидо (Ансан),0,1,2497,26600000,0.924
Hyundai,Santa Fe,2025,1,16688,Дизель,Автомат,Тэгу,0,3,2199,30600000,1.026
Ssangyong,Torres,2019,7,99107,Бензин,Автомат,Сеул,1,1,1998,4700000,0.693
Kia,Sorento,2019,7,125308,Бензин,Автомат,Тэгу,0,2,1998,9800000,1.026
Hyundai,Avante,2017,9,135141,Бензин,Автомат,Пусан,1,2,2199,3000000,0.539
Kia,K5,2018,8,128046,Бензин,Автомат,Тэгу,0,3,2497,3900000,0.821
Hyundai,Avante,2018,8,140525,Бензин,Автомат,Тэгу,1,1,2497,3000000,0.539
Kia,Sorento,2022,4,78379,Дизель,Автомат,Кёнгидо (Ансан),0,1,2999,20300000,1.328
Kia,Sportage,2016,10,105125,Бензин,Автомат,Сеул,1,3,2999,4600000,0.731
Kia,Carnival,2024,2,21140,Бензин,Автомат,Сеул,0,3,2999,32000000,1.395
Kia,Sorento,2017,9,173457,Дизель,Автомат,Пусан,0,2,2497,5600000,1.026
Chevrolet,Trailblazer,2021,5,60677,Бензин,Автомат,Инчхон,0,2,2999,10600000,1.129
Kia,Sorento,2021,5,79368,Дизель,Автомат,Кёнгидо (Ансан),0,1,2497,14300000,1.328
Hyundai,Sonata,2026,0,500,Гибрид,Автомат,Ульсан,1,1,2199,23400000,0.557
Hyundai,Sonata,2018,8,133543,LPG,Автомат,Инчхон,1,3,1600,4000000,0.557
Hyundai,Santa Fe,2022,4,85453,Дизель,Автомат,Тэгу,1,2,2199,17900000,0.996
Hyundai,Avante,2020,6,103348,Дизель,Автомат,Сеул,0,3,1600,7300000,0.93
Kia,Sorento,2025,1,15783,Гибрид,Автомат,Тэгу,0,3,1600,27000000,0.929
Ssangyong,Torres,2017,9,148570,LPG,Автомат,Пусан,0,2,2199,4500000,0.836
Kia,Carnival,2017,9,124738,Гибрид,Автомат,Пусан,0,3,2999,6300000,0.975
Hyundai,Avante,2022,4,50428,Гибрид,Автомат,Пусан,0,1,2199,10800000,0.841
Genesis,G80,2019,7,98977,Дизель,Автомат,Сеул,0,2,2999,12600000,1.129
Kia,K5,2018,8,152122,Бензин,Автомат,Ульсан,0,2,2999,3900000,0.821
Hyundai,Santa Fe,2019,7,97099,Гибрид,Автомат,Кёнгидо (Ансан),0,3,2999,7300000,0.929
Hyundai,Santa Fe,2024,2,36417,Бензин,Автомат,Тэгу,0,2,1600,27100000,1.328
Hyundai,Santa Fe,2020,6,60697,Дизель,Автомат,Сеул,0,2,1600,10700000,1.328
Kia,Sorento,2023,3,47551,Бензин,Автомат,Тэгу,1,1,1600,19200000,0.996
Hyundai,Sonata,2019,7,120206,Дизель,Автомат,Ульсан,0,1,2999,7000000,0.821
Kia,K5,2023,3,43158,Бензин,Автомат,Пусан,0,1,1998,19200000,1.063
Kia,Sorento,2023,3,55350,Бензин,Автомат,Ульсан,0,1,2497,28400000,1.328
Hyundai,Avante,2018,8,151923,Бензин,Автомат,Сеул,0,3,2999,3200000,0.718
Ssangyong,Torres,2016,10,154930,Бензин,Механика,Сеул,1,3,1600,4500000,0.542
Renault Korea,QM6,2024,2,37025,Бензин,Автомат,Кёнгидо (Ансан),0,2,1998,20500000,1.129
Hyundai,Santa Fe,2020,6,94934,Гибрид,Автомат,Ульсан,0,2,1998,14700000,1.202
Hyundai,Tucson,2021,5,81710,Бензин,Автомат,Ульсан,0,2,2199,12500000,1.195
Ssangyong,Torres,2020,6,77791,Бензин,Автомат,Инчхон,0,3,2199,8700000,1.195
Hyundai,Tucson,2024,2,25160,Дизель,Автомат,Ульсан,0,1,2497,26200000,1.195
Hyundai,Tucson,2020,6,91455,Бензин,Автомат,Сеул,0,3,2999,11700000,1.195
Kia,Sorento,2025,1,6979,Дизель,Автомат,Кёнгидо (Ансан),0,3,1600,32300000,1.026
Hyundai,Tucson,2023,3,37579,Бензин,Автомат,Инчхон,0,2,2199,21100000,1.195
Hyundai,Tucson,2023,3,46848,Гибрид,Автомат,Ульсан,1,3,1998,19300000,0.811
Chevrolet,Trailblazer,2023,3,35782,Бензин,Автомат,Пусан,0,3,1998,16900000,1.129
Hyundai,Sonata,2024,2,25147,Гибрид,Автомат,Инчхон,0,3,1600,22400000,0.961
Chevrolet,Trailblazer,2023,3,66533,Бензин,Автомат,Кёнгидо (Ансан),0,3,2999,18500000,1.129
Kia,Sportage,2025,1,9189,Бензин,Автомат,Инчхон,0,1,1998,28900000,0.975
Genesis,G80,2018,8,93065,Дизель,Автомат,Инчхон,0,1,2199,8200000,1.129
Kia,Sportage,2024,2,25877,Бензин,Автомат,Инчхон,1,3,1600,23600000,0.946
Genesis,G80,2021,5,77888,Дизель,Автомат,Пусан,0,3,1998,23800000,1.461
Kia,Sorento,2024,2,21501,Дизель,Механика,Тэгу,0,3,1998,27700000,1.04
Kia,Sorento,2025,1,10858,Гибрид,Автомат,Ульсан,0,1,2999,35400000,0.929
Hyundai,Tucson,2018,8,107020,Бензин,Автомат,Пусан,1,1,2199,4800000,0.693
Kia,K5,2018,8,108599,Гибрид,Автомат,Сеул,0,2,1998,3900000,0.743
Kia,Sportage,2022,4,70843,Дизель,Автомат,Тэгу,0,1,1600,19000000,1.262
Hyundai,Santa Fe,2016,10,217863,Бензин,Автомат,Сеул,0,1,1600,5700000,1.026
Kia,Carnival,2017,9,158485,Дизель,Автомат,Сеул,0,3,2199,6300000,1.078
Chevrolet,Trailblazer,2023,3,23542,Дизель,Механика,Кёнгидо (Ансан),0,1,1998,18900000,0.884
Hyundai,Tucson,2021,5,59855,Бензин,Автомат,Ульсан,0,1,2199,15800000,1.195
Kia,Sportage,2020,6,107953,Гибрид,Автомат,Тэгу,0,1,1998,11000000,1.142
Chevrolet,Trailblazer,2016,10,209851,Дизель,Автомат,Инчхон,0,2,2497,4200000,0.872
Kia,Carnival,2018,8,138882,Бензин,Механика,Пусан,0,3,1998,6300000,0.843
Chevrolet,Trailblazer,2022,4,49406,Дизель,Механика,Пусан,1,3,1998,11300000,0.663
Kia,Sorento,2018,8,95155,Бензин,Автомат,Ульсан,1,3,1600,5600000,0.77
Hyundai,Santa Fe,2025,1,12852,Гибрид,Автомат,Тэгу,0,3,2999,33700000,0.929
Genesis,G80,2017,9,143072,Бензин,Автомат,Инчхон,0,1,1600,8200000,1.129
Kia,Sorento,2024,2,30455,Бензин,Автомат,Инчхон,0,2,2999,28300000,1.328
Renault Korea,QM6,2022,4,58942,Дизель,Автомат,Пусан,0,3,2999,14300000,1.129
Kia,Carnival,2025,1,19368,Бензин,Автомат,Ульсан,0,3,1998,34300000,1.078
Kia,Sportage,2022,4,72420,Дизель,Автомат,Инчхон,0,1,1998,17200000,1.262
Genesis,G80,2023,3,48109,Гибрид,Автомат,Пусан,0,3,2199,35700000,1.322
Renault Korea,QM6,2022,4,53086,Дизель,Автомат,Сеул,0,1,2199,14700000,1.129
Hyundai,Sonata,2021,5,50279,Бензин,Автомат,Кёнгидо (Ансан),1,3,2999,9700000,0.797
Kia,Sorento,2017,9,98295,Бензин,Автомат,Пусан,0,1,1998,5600000,1.026
Renault Korea,QM6,2017,9,156612,Бензин,Автомат,Кёнгидо (Ансан),0,2,1998,3900000,0.872
Genesis,G80,2021,5,105151,Гибрид,Автомат,Пусан,1,3,2999,15500000,0.991
Kia,Sportage,2020,6,73275,Бензин,Автомат,Сеул,0,3,2999,10600000,1.262
Hyundai,Avante,2016,10,149033,Бензин,Автомат,Тэгу,1,2,2999,3000000,0.539
Hyundai,Tucson,2017,9,154754,Дизель,Автомат,Пусан,0,1,2199,4800000,0.924
Kia,Sportage,2021,5,66522,Бензин,Автомат,Пусан,0,2,1998,11400000,1.262
Kia,Sorento,2018,8,133285,Гибрид,Автомат,Ульсан,0,1,1998,5600000,0.929
Hyundai,Sonata,2021,5,86406,Бензин,Автомат,Кёнгидо (Ансан),1,3,2497,8300000,0.797
Kia,Carnival,2022,4,54820,Дизель,Автомат,Инчхон,0,3,2999,21100000,1.395
Hyundai,Avante,2026,0,2111,Дизель,Автомат,Пусан,0,1,1998,21600000,0.718
Kia,Carnival,2019,7,150298,Гибрид,Автомат,Пусан,0,2,1600,6300000,0.975
Hyundai,Sonata,2016,10,118371,Дизель,Автомат,Пусан,0,1,1600,4000000,0.821
Hyundai,Santa Fe,2026,0,500,Дизель,Автомат,Пусан,0,2,1600,36200000,1.026
Hyundai,Santa Fe,2026,0,500,Дизель,Механика,Кёнгидо (Ансан),0,3,2497,33100000,0.803
Kia,Carnival,2020,6,128582,Гибрид,Автомат,Ульсан,0,1,2999,17900000,1.262
Chevrolet,Trailblazer,2025,1,20574,Бензин,Автомат,Пусан,0,1,2497,24400000,0.872
Chevrolet,Trailblazer,2020,6,82344,Дизель,Автомат,Ульсан,0,2,1600,9000000,1.129
Hyundai,Tucson,2023,3,38766,Бензин,Автомат,Пусан,1,2,2497,14500000,0.897
Kia,Sorento,2019,7,130026,Дизель,Автомат,Сеул,0,1,2199,9100000,1.026
Renault Korea,QM6,2018,8,159132,Дизель,Автомат,Тэгу,0,3,1600,3900000,0.872
Hyundai,Tucson,2016,10,175297,Гибрид,Автомат,Тэгу,1,3,1998,4800000,0.627
Kia,Sportage,2018,8,102536,Бензин,Механика,Инчхон,0,3,2999,4600000,0.763
Kia,K5,2023,3,45134,Бензин,Автомат,Ульсан,0,2,1998,15900000,1.063
Genesis,G80,2018,8,119389,Гибрид,Автомат,Кёнгидо (Ансан),1,3,2497,8200000,0.766
Hyundai,Santa Fe,2026,0,500,LPG,Автомат,Сеул,1,1,1600,34600000,0.696
Kia,K5,2020,6,50085,Дизель,Автомат,Кёнгидо (Ансан),0,2,2497,7400000,1.063
Hyundai,Tucson,2021,5,81677,Бензин,Автомат,Ульсан,1,2,2199,10100000,0.897
Kia,Sportage,2024,2,27261,Гибрид,Автомат,Тэгу,1,1,2999,17900000,0.856
Renault Korea,QM6,2021,5,84963,Дизель,Автомат,Ульсан,0,3,2199,11100000,1.129
Kia,Sportage,2018,8,145267,Бензин,Автомат,Кёнгидо (Ансан),0,1,2497,7400000,0.975
Hyundai,Santa Fe,2023,3,46220,Бензин,Автомат,Кёнгидо (Ансан),0,2,2199,24600000,1.328
Kia,K5,2023,3,55413,Бензин,Автомат,Инчхон,0,2,1600,17400000,1.063
Ssangyong,Torres,2020,6,55583,Дизель,Автомат,Тэгу,0,3,1998,10500000,1.195
Hyundai,Avante,2026,0,500,Бензин,Автомат,Тэгу,1,2,1600,16100000,0.539
Kia,Sportage,2021,5,78554,Бензин,Автомат,Пусан,0,1,1998,15600000,1.262
Genesis,G80,2023,3,56105,Бензин,Автомат,Тэгу,0,1,1600,38600000,1.461
Genesis,G80,2016,10,173399,Гибрид,Автомат,Тэгу,0,1,1600,8200000,1.021
Ssangyong,Torres,2021,5,93515,Бензин,Автомат,Кёнгидо (Ансан),1,1,2999,13600000,0.897
Hyundai,Santa Fe,2018,8,107239,Бензин,Автомат,Тэгу,0,3,2999,5700000,1.026
Hyundai,Sonata,2023,3,41683,Бензин,Автомат,Сеул,0,3,2199,18000000,1.063
Ssangyong,Torres,2024,2,29685,Дизель,Автомат,Инчхон,0,3,1998,25000000,1.195
Kia,Carnival,2024,2,33462,Дизель,Автомат,Сеул,0,2,1600,33200000,1.395
Hyundai,Avante,2023,3,47744,Бензин,Автомат,Ульсан,0,1,2999,14400000,0.93
Chevrolet,Trailblazer,2021,5,63568,Дизель,Механика,Кёнгидо (Ансан),1,3,2497,10700000,0.663
Chevrolet,Trailblazer,2020,6,85040,Гибрид,Автомат,Кёнгидо (Ансан),1,1,1998,6500000,0.766
Kia,K5,2017,9,151955,Дизель,Автомат,Сеул,1,2,1600,3900000,0.616
Hyundai,Avante,2022,4,46679,LPG,Автомат,Тэгу,0,3,1600,12500000,0.841
Ssangyong,Torres,2019,7,141837,Бензин,Автомат,Инчхон,0,1,1998,7400000,0.924
Hyundai,Santa Fe,2022,4,51417,Дизель,Автомат,Тэгу,0,3,2199,19700000,1.328
Chevrolet,Trailblazer,2022,4,63126,Дизель,Автомат,Кёнгидо (Ансан),0,1,2199,14900000,1.129
Renault Korea,QM6,2023,3,46117,Гибрид,Автомат,Сеул,0,1,2999,15800000,1.021
Genesis,G80,2018,8,120216,Гибрид,Автомат,Инчхон,1,1,2999,8200000,0.766
Hyundai,Tucson,2017,9,145350,LPG,Автомат,Пусан,0,3,2199,4800000,0.836
Kia,Sorento,2017,9,149774,Дизель,Автомат,Инчхон,0,3,1998,5600000,1.026
Genesis,G80,2016,10,121252,Бензин,Автомат,Сеул,0,1,2199,8200000,1.129
Renault Korea,QM6,2018,8,108535,Бензин,Автомат,Тэгу,1,2,1600,3900000,0.654
Kia,Sorento,2016,10,90252,Дизель,Автомат,Пусан,0,1,1998,5600000,1.026
Kia,Carnival,2022,4,53391,Гибрид,Автомат,Тэгу,0,2,2199,23000000,1.262
Hyundai,Tucson,2018,8,171951,Бензин,Автомат,Инчхон,0,2,1998,5200000,0.924
Genesis,G80,2026,0,500,Гибрид,Автомат,Сеул,1,2,1600,58400000,0.766
Renault Korea,QM6,2020,6,79847,Гибрид,Автомат,Пусан,0,3,2999,7700000,1.021
Renault Korea,QM6,2023,3,54319,Гибрид,Автомат,Инчхон,1,2,1998,16100000,0.766
Hyundai,Sonata,2026,0,2041,Гибрид,Автомат,Кёнгидо (Ансан),1,3,2199,25500000,0.557
Chevrolet,Trailblazer,2017,9,146182,Гибрид,Автомат,Пусан,1,3,2497,4200000,0.592
Kia,Carnival,2018,8,161703,LPG,Автомат,Сеул,1,3,2497,6300000,0.731
Kia,K5,2024,2,33523,Бензин,Автомат,Пусан,1,3,2199,17400000,0.797
Ssangyong,Torres,2025,1,9909,Бензин,Автомат,Сеул,0,3,2497,25200000,0.924
Hyundai,Santa Fe,2023,3,53152,Бензин,Автомат,Тэгу,0,3,2497,22800000,1.328
Hyundai,Tucson,2023,3,49849,Гибрид,Автомат,Пусан,0,3,1600,21300000,1.082
Hyundai,Avante,2026,0,500,Гибрид,Автомат,Сеул,0,3,2199,19700000,0.65
Kia,Sorento,2025,1,3955,Бензин,Автомат,Кёнгидо (Ансан),0,3,2999,29500000,1.026
Ssangyong,Torres,2024,2,26394,Бензин,Автомат,Сеул,1,2,1600,19400000,0.897
Kia,Carnival,2022,4,65862,Гибрид,Автомат,Сеул,0,2,2199,20300000,1.262
Hyundai,Santa Fe,2025,1,9463,LPG,Автомат,Ульсан,1,2,1600,26400000,0.696
Kia,Carnival,2018,8,92885,Дизель,Автомат,Ульсан,0,1,1600,6300000,1.078
Renault Korea,QM6,2016,10,153272,Дизель,Автомат,Пусан,1,3,1998,3900000,0.654
Ssangyong,Torres,2016,10,130998,Дизель,Автомат,Сеул,0,1,2199,4500000,0.924
Hyundai,Santa Fe,2017,9,148946,Дизель,Автомат,Ульсан,0,1,2497,5700000,1.026
Hyundai,Avante,2019,7,111238,Дизель,Автомат,Сеул,0,1,2497,5300000,0.718
Ssangyong,Torres,2023,3,44756,Бензин,Автомат,Ульсан,0,1,2999,18300000,1.195
Ssangyong,Torres,2017,9,142632,Бензин,Механика,Инчхон,0,1,2199,4500000,0.723
Hyundai,Sonata,2016,10,149611,Гибрид,Автомат,Ульсан,0,3,2999,4000000,0.743
Hyundai,Tucson,2021,5,65314,Бензин,Автомат,Кёнгидо (Ансан),0,2,1998,13200000,1.195
Ssangyong,Torres,2025,1,11063,Бензин,Механика,Сеул,0,3,2497,27000000,0.723
Kia,Carnival,2024,2,35179,Гибрид,Автомат,Сеул,1,3,2497,25200000,0.946
Kia,Sorento,2025,1,16617,Бензин,Автомат,Кёнгидо (Ансан),0,3,1600,32100000,1.026
Renault Korea,QM6,2024,2,33030,Бензин,Автомат,Инчхон,0,2,1600,21100000,1.129
Hyundai,Tucson,2020,6,83873,Гибрид,Автомат,Ульсан,0,2,2199,7000000,1.082
Kia,Sorento,2021,5,58639,Дизель,Автомат,Пусан,0,2,2199,12400000,1.328
Chevrolet,Trailblazer,2019,7,77888,Бензин,Автомат,Кёнгидо (Ансан),0,3,1998,7500000,0.872
Hyundai,Avante,2017,9,158193,Дизель,Автомат,Инчхон,0,2,1600,3000000,0.718
Hyundai,Avante,2026,0,5117,Гибрид,Автомат,Пусан,0,2,1600,21400000,0.65
Hyundai,Avante,2017,9,136594,Гибрид,Автомат,Ульсан,0,3,2497,3000000,0.65
Kia,Carnival,2018,8,89302,Бензин,Автомат,Кёнгидо (Ансан),0,1,1998,6400000,1.078
Hyundai,Santa Fe,2018,8,83318,Гибрид,Автомат,Инчхон,0,3,2497,5700000,0.929
Ssangyong,Torres,2017,9,124349,Бензин,Автомат,Тэгу,0,3,1600,4500000,0.924
Kia,Sportage,2022,4,64636,Бензин,Автомат,Сеул,0,3,1600,15700000,1.262
Hyundai,Tucson,2020,6,133194,Дизель,Механика,Кёнгидо (Ансан),0,2,1998,10200000,0.936
Kia,Sorento,2020,6,94375,Бензин,Автомат,Пусан,0,2,2497,11200000,1.328
Hyundai,Santa Fe,2019,7,106892,Дизель,Автомат,Ульсан,0,3,2999,10700000,1.026
Hyundai,Sonata,2017,9,146438,Дизель,Автомат,Сеул,0,1,2999,4000000,0.821
Hyundai,Sonata,2022,4,55192,Дизель,Автомат,Сеул,0,1,1600,13600000,1.063
Kia,Carnival,2024,2,32909,Гибрид,Автомат,Пусан,0,2,2999,31200000,1.262
Chevrolet,Trailblazer,2018,8,112970,Бензин,Автомат,Кёнгидо (Ансан),0,1,2199,4900000,0.872
Kia,Sorento,2016,10,127576,Бензин,Автомат,Кёнгидо (Ансан),0,1,2497,5600000,1.026
Hyundai,Santa Fe,2026,0,500,Дизель,Механика,Ульсан,0,3,2199,35800000,0.803
Hyundai,Avante,2020,6,72299,Дизель,Автомат,Инчхон,0,2,2497,6500000,0.93
Hyundai,Avante,2020,6,92801,Дизель,Автомат,Кёнгидо (Ансан),0,2,2497,6600000,0.93
Kia,Sportage,2021,5,73265,Бензин,Автомат,Тэгу,1,3,2497,10600000,0.946
Kia,K5,2018,8,138725,Гибрид,Автомат,Кёнгидо (Ансан),0,3,1998,3900000,0.743
Kia,K5,2026,0,5024,Бензин,Автомат,Ульсан,0,2,1600,26000000,0.821
Ssangyong,Torres,2018,8,126740,Дизель,Автомат,Сеул,0,3,1998,4500000,0.924
Hyundai,Sonata,2026,0,500,Дизель,Автомат,Ульсан,0,3,1600,24800000,0.821
Genesis,G80,2026,0,7915,Гибрид,Автомат,Сеул,0,3,1600,54700000,1.021
Kia,Sorento,2026,0,2488,Бензин,Автомат,Кёнгидо (Ансан),0,3,1600,33900000,1.026
Renault Korea,QM6,2025,1,13142,Дизель,Автомат,Тэгу,0,2,2999,22900000,0.872
Kia,Sportage,2020,6,91706,Бензин,Автомат,Сеул,0,1,1600,8000000,1.262
Hyundai,Avante,2026,0,2918,Дизель,Автомат,Кёнгидо (Ансан),0,2,2199,21100000,0.718
Renault Korea,QM6,2023,3,48964,Бензин,Автомат,Тэгу,0,2,2199,18200000,1.129
Genesis,G80,2023,3,42867,LPG,Автомат,Кёнгидо (Ансан),0,3,1998,37400000,1.322
Renault Korea,QM6,2019,7,92142,Гибрид,Автомат,Кёнгидо (Ансан),1,3,1998,3900000,0.592
Kia,K5,2023,3,46265,Гибрид,Автомат,Тэгу,0,1,2199,14500000,0.961
